card_no,bird_name,bird_name_ko,tts_text,voice_tag,review_status,source_file_name,source_vo_id,source_transcript,source_score
1,Wild Turkey,들칠면조,들칠면조입니다. 주로 땅 위에서 생활하며 풀숲과 덤불 사이를 빠르게 오갑니다.,Jean,draft,1_Wild_Turkey_VO_3.wav,3,Wild Turkey. Wild turkeys were domesticated in the Americas before European contact.,75
2,Hooded Warbler,두건워블러,두건워블러입니다. 작은 몸집과 뚜렷한 울음소리로 숲과 초원에서 존재감을 드러냅니다.,Jean,draft,2_Hooded_Warbler_VO_1.wav,1,Hooded Warbler. This bird spends its time in the understory and nests within a few feet of the ground.,75
3,Prothonotary Warbler,프로토노터리워블러,프로토노터리워블러입니다. 작은 몸집과 뚜렷한 울음소리로 숲과 초원에서 존재감을 드러냅니다.,Jean,draft,3_Prothonotary_Warbler_VO_1.wav,1,Prothonotary Warbler. The name Prothonotary comes from Catholic scribes who wore yellow hoods.,75
4,Trumpeter Swan,나팔고니,나팔고니입니다. 물가에서 생활하며 헤엄과 잠수를 활용해 먹이를 찾습니다.,Jean,draft,4_Trumpeter_Swan_VO_1.wav,1,"Trumpeter Swan. Weighing over 20 pounds, Trumpeter Swans are the heaviest bird in North America.",75
5,Blue Winged Warbler,푸른날개워블러,푸른날개워블러입니다. 작은 몸집과 뚜렷한 울음소리로 숲과 초원에서 존재감을 드러냅니다.,Jean,draft,5_blue_winged_warbler_VO_1.wav,1,Blue-winged warbler. This warbler especially likes to nest on the edges between forest and fields.,60
6,American Woodcock,아메리카멧도요,아메리카멧도요입니다. 해안과 습지 가장자리에서 긴 부리로 작은 먹이를 찾아냅니다.,Jean,draft,6_American_Woodcock_VO_1.wav,1,American Woodcock. The Woodcock's amazing mating display involves repeated dives from 300 feet.,75
7,Loggerhead Shrike,큰머리때까치,큰머리때까치입니다. 서식지에 맞게 독특한 먹이 활동과 행동을 보여 주는 새입니다.,Jean,draft,7_Loggerhead_Shrike_VO_2.wav,2,Loggerhead Shrike. Shrikes impale their prey on thorns or barbed wire and may save them for later.,75
8,American Avocet,아메리카장다리물떼새,아메리카장다리물떼새입니다. 해안과 습지 가장자리에서 긴 부리로 작은 먹이를 찾아냅니다.,Jean,draft,8_American_Avocet_VO_2.wav,2,"American Avocet. American Avocets build their own nests, but also parasitize other birds' nests.",75
9,Brown Headed Cowbird,갈색머리찌르레기,갈색머리찌르레기입니다. 작은 몸집과 뚜렷한 울음소리로 숲과 초원에서 존재감을 드러냅니다.,Jean,draft,9_Brown_Headed_Cowbird_VO_1.wav,1,Brown Headed Cowbird. Cowbirds do not make nests. They lay their eggs in other birds' nests.,75
10,Yellow Billed Cuckoo,노란billed뻐꾸기,노란billed뻐꾸기입니다. 서식지에 맞게 독특한 먹이 활동과 행동을 보여 주는 새입니다.,Jean,draft,10_Yellow_Billed_Cuckoo_VO_1.wav,1,Yellow Billed Cuckoo's lay their eggs in other birds' nests when food is abundant.,75
11,Bronzed Cowbird,청동찌르레기,청동찌르레기입니다. 작은 몸집과 뚜렷한 울음소리로 숲과 초원에서 존재감을 드러냅니다.,Jean,draft,11_Bronzed_Cowbird_VO_1.wav,1,Bronzed cowbird. Cowbirds lay eggs in other birds nests and often break or push out the host bird's eggs.,75
12,Barrows Goldeneye,배로흰죽지오리,배로흰죽지오리입니다. 물가에서 생활하며 헤엄과 잠수를 활용해 먹이를 찾습니다.,Jean,draft,12_barrows_goldeneye_VO_3.wav,3,Barrows goldeneye. These ducks will lay their eggs in the nest of any cavity nesting duck.,75
13,Eastern Kingbird,동부킹버드,동부킹버드입니다. 나뭇가지에서 기다리다가 날아오르는 곤충을 재빠르게 낚아챕니다.,Jean,draft,13_Eastern_Kingbird_VO_3.wav,3,Eastern Kingbird. The Kingbird displays its orange crown while defending its territory.,75
14,Belted Kingfisher,띠물총새,띠물총새입니다. 물가에서 기다리다가 빠르게 뛰어들어 물고기를 잡는 새입니다.,Jean,draft,14_Belted_Kingfisher_VO_1.wav,1,Belted Kingfisher. The Kingfisher burrow can go up to six feet into a riverbank and slopes to shed water.,75
15,Turkey Vulture,칠면조독수리,칠면조독수리입니다. 날카로운 시야와 강한 날개로 하늘을 누비는 맹금류입니다.,Jean,draft,15_Turkey_Vulture_VO_1.wav,1,Turkey Vulture. Turkey vultures can projectile vomit to defend themselves.,75
16,Black Billed Magpie,검은billed까치,검은billed까치입니다. 영리하고 적응력이 뛰어나며 다양한 먹이를 활용하는 새입니다.,Jean,draft,16_Black_Billed_Magpie_VO_1.wav,1,Black Billed Magpie. These omnivores steal eggs and eat carrion along with the diversity of other foods.,75
17,Black Vulture,검은독수리,검은독수리입니다. 날카로운 시야와 강한 날개로 하늘을 누비는 맹금류입니다.,Jean,draft,17_Black_Vulture_VO_2.wav,2,"Black Vulture. Turkey vultures have a better sense of smell, so Black Vultures follow them to food.",75
18,Horned Lark,뿔종다리,뿔종다리입니다. 작은 몸집과 뚜렷한 울음소리로 숲과 초원에서 존재감을 드러냅니다.,Jean,draft,18_Horned_Lark_VO_2.wav,2,"Horned Lark. Horned larks form large nomadic flocks, mixing with other bird species.",75
19,Mountain Chickadee,산박새,산박새입니다. 서식지에 맞게 독특한 먹이 활동과 행동을 보여 주는 새입니다.,Jean,draft,19_Mountain_Chickadee_VO_1.wav,1,Mountain chickadee. Mountain chickadees are generally found in the conifer forests of the American West.,75
20,White Breasted Nuthatch,흰가슴동고비,흰가슴동고비입니다. 서식지에 맞게 독특한 먹이 활동과 행동을 보여 주는 새입니다.,Jean,draft,20_White_Breasted_Nuthatch_VO_2.wav,2,White Breasted Nuthatch. Nuthatch is cachet seeds for winter in the bark of a tree.,75
21,Carolina Chickadee,캐롤라이나박새,캐롤라이나박새입니다. 서식지에 맞게 독특한 먹이 활동과 행동을 보여 주는 새입니다.,Jean,draft,21_Carolina_Chickadee_VO_1.wav,1,Carolina Chickadee. Chickadees hide seeds and can remember thousands of hiding places.,75
22,Red Breasted Nuthatch,붉은가슴동고비,붉은가슴동고비입니다. 서식지에 맞게 독특한 먹이 활동과 행동을 보여 주는 새입니다.,Jean,draft,22_Red_Breasted_Nuthatch_VO_2.wav,2,Red Breasted Nuthatch. These birds put resin around their nest opening to keep out attackers.,75
23,Juniper Titmouse,향나무박새,향나무박새입니다. 서식지에 맞게 독특한 먹이 활동과 행동을 보여 주는 새입니다.,Jean,draft,23_Juniper_Titmouse_VO_2.wav,2,Juniper Titmouse. These little birds make it through winter by storing seeds.,75
24,Blue Jay,푸른어치,푸른어치입니다. 영리하고 적응력이 뛰어나며 다양한 먹이를 활용하는 새입니다.,Jean,draft,24_Blue_Jay_VO_2.wav,2,Blue Jay. Blue Jays can carry up to five acorns and will store hundreds for winter.,75
25,Stellers Jay,스텔러어치,스텔러어치입니다. 영리하고 적응력이 뛰어나며 다양한 먹이를 활용하는 새입니다.,Jean,draft,25_stellers_jay_VO_1.wav,1,Stellers jay. Naturalist Jorg Steller saw this bird on a Russian exploration to Alaska in 1741.,75
26,Clarks Nutcracker,클라크잣까마귀,클라크잣까마귀입니다. 영리하고 적응력이 뛰어나며 다양한 먹이를 활용하는 새입니다.,Jean,draft,26_Clarks_Nutcracker_VO_1.wav,1,Clarks Nutcracker. These birds are omnivorous but cash thousands of pine seeds for the winter.,75
27,Red Headed Woodpecker,붉은머리딱따구리,붉은머리딱따구리입니다. 나무줄기를 타고 오르며 부리로 두드려 곤충이나 수액을 찾습니다.,Jean,draft,27_Red_Headed_Woodpecker_VO_2.wav,2,"Red Headed Woodpecker. These woodpeckers store nuts, seeds, and insects in wood or under bark.",75
28,Acorn Woodpecker,도토리딱따구리,도토리딱따구리입니다. 나무줄기를 타고 오르며 부리로 두드려 곤충이나 수액을 찾습니다.,Jean,draft,28_Acorn_Woodpecker_VO_1.wav,1,"Acorn Woodpecker. In a single dead tree, these birds may drill as many as 50,000 holes for storing acorns.",75
29,Red Bellied Woodpecker,붉은bellied딱따구리,붉은bellied딱따구리입니다. 나무줄기를 타고 오르며 부리로 두드려 곤충이나 수액을 찾습니다.,Jean,draft,29_Red_Bellied_Woodpecker_VO_2.wav,2,"Red-bellied Woodpecker. These birds' tongues reach out two inches for insects, but seeds are half their diet.",60
30,Northern Shoveler,북부넓적부리,북부넓적부리입니다. 물가에서 생활하며 헤엄과 잠수를 활용해 먹이를 찾습니다.,Jean,draft,30_Northern_Shoveler_VO_2.wav,2,Northern Shoveler. The shoveler's large bill strains invertebrates from the water.,75
31,Spotted Sandpiper,점박이도요새,점박이도요새입니다. 해안과 습지 가장자리에서 긴 부리로 작은 먹이를 찾아냅니다.,Jean,draft,31_Spotted_Sandpiper_VO_2.wav,2,Spotted Sandpiper. These sandpipers constantly bob their tails. People call them teeter peeps and tiptails.,75
32,Purple Gallinule,보라물닭,보라물닭입니다. 습지와 얕은 물가에서 긴 다리와 부리를 활용해 먹이를 찾습니다.,Jean,draft,32_Purple_Gallinule_VO_1.wav,1,"Purple Gallinule. With its long toes, this bird can walk on lily pads without sinking.",75
33,Wilsons Snipe,윌슨꺅도요,윌슨꺅도요입니다. 해안과 습지 가장자리에서 긴 부리로 작은 먹이를 찾아냅니다.,Jean,draft,33_wilsons_snipe_VO_1.wav,1,"wilsons snipe. Due to the position of their eyes, wilsons snipes can see predators approaching from the front and back.",75
34,Common Loon,일반아비,일반아비입니다. 서식지에 맞게 독특한 먹이 활동과 행동을 보여 주는 새입니다.,Jean,draft,34_Common_Loon_VO_3.wav,3,Common Loon. Loon chicks spend the majority of their first week of life writing on a parent's back.,75
35,American Bittern,아메리카해오라기,아메리카해오라기입니다. 습지와 얕은 물가에서 긴 다리와 부리를 활용해 먹이를 찾습니다.,Jean,draft,35_american_bittern_VO_3.wav,3,American bittern. Bitterns hide in reeds and cattails or they are well camouflaged.,75
36,Eastern Phoebe,동부피비새,동부피비새입니다. 나뭇가지에서 기다리다가 날아오르는 곤충을 재빠르게 낚아챕니다.,Jean,draft,36_Eastern_Phoebe_VO_2.wav,2,"Eastern Phoebe. Phoebe's use mud to attach nests to riverbanks, rocky outcrops, or human structures.",75
37,Scissor Tailed Flycatcher,가위꼬리딱새,가위꼬리딱새입니다. 나뭇가지에서 기다리다가 날아오르는 곤충을 재빠르게 낚아챕니다.,Jean,draft,37_Scissor_Tailed_Flycatcher_VO_1.wav,1,Scissor Tailed Flycatcher. The mating display of these birds involves aerial acrobatics that show off the long tail.,75
38,Osprey,물수리,물수리입니다. 날카로운 시야와 강한 날개로 하늘을 누비는 맹금류입니다.,Jean,draft,38_Osprey_VO_1.wav,1,"Ospreys are excellent hunters, catching a fish in at least one out of every four dives.",75
39,Ruby Throated Hummingbird,루비throated벌새,루비throated벌새입니다. 공중에 정지하듯 날며 꽃의 꿀을 빠는 작은 새입니다.,Jean,draft,39_ruby_throated_hummingbird_VO_3.wav,3,"Ruby throated hummingbird. Hummingbirds feed on nectar, but they also eat many small insects.",75
40,Annas Hummingbird,안나벌새,안나벌새입니다. 공중에 정지하듯 날며 꽃의 꿀을 빠는 작은 새입니다.,Jean,draft,40_Annas_Hummingbird_VO_2.wav,2,Annas Hummingbird. These birds' impressive mating displays involve diving from over 100 feet in the air.,75
41,Great Crested Flycatcher,큰볏딱새,큰볏딱새입니다. 나뭇가지에서 기다리다가 날아오르는 곤충을 재빠르게 낚아챕니다.,Jean,draft,41_great_crested_flycatcher_VO_3.wav,3,Great crested flycatcher. These birds avoid competition by focusing on insects high up in trees.,75
42,Blue Gray Gnatcatcher,푸른회색모기잡이새,푸른회색모기잡이새입니다. 서식지에 맞게 독특한 먹이 활동과 행동을 보여 주는 새입니다.,Jean,draft,42_Blue_Gray_Gnatcatcher_VO_3.wav,3,Blue Gray Gnatcatcher. Gnatcatcher's breeding range is steadily shifting north with climate change.,75
43,Hermit Thrush,은둔지빠귀,은둔지빠귀입니다. 작은 몸집과 뚜렷한 울음소리로 숲과 초원에서 존재감을 드러냅니다.,Jean,draft,43_Hermit_Thrush_VO_1.wav,1,Hermit Thrush. Hermit thrushes tend to nest on the ground in the western U.S. and in trees in the east.,75
44,Killdeer,킬디어새,킬디어새입니다. 서식지에 맞게 독특한 먹이 활동과 행동을 보여 주는 새입니다.,Jean,draft,44_Killdeer_VO_1.wav,1,Killdeer. Killdeers will fake a broken wing to lure predators from their nests.,75
45,Franklins Gull,프랭클린갈매기,프랭클린갈매기입니다. 바다와 호수 주변에서 생활하며 물고기와 작은 수생 동물을 노립니다.,Jean,draft,45_Franklins_Gull_VO_1.wav,1,Franklin's Gull. These gulls make floating nests of plant material on prairie marshes.,60
46,Mallard,청둥오리,청둥오리입니다. 물가에서 생활하며 헤엄과 잠수를 활용해 먹이를 찾습니다.,Jean,draft,46_Mallard_VO_3.wav,3,Mallards are among the most abundant ducks in the world.,75
47,Forsters Tern,포스터제비갈매기,포스터제비갈매기입니다. 바다와 호수 주변에서 생활하며 물고기와 작은 수생 동물을 노립니다.,Jean,draft,47_Forsters_Tern_VO_1.wav,1,Forsters Tern. These birds nest on the ground on a raft of floating vegetation or on muskret lodges.,75
48,Black Tern,검은제비갈매기,검은제비갈매기입니다. 바다와 호수 주변에서 생활하며 물고기와 작은 수생 동물을 노립니다.,Jean,draft,48_Black_Ternr_VO_1.wav,1,Black Tern. These terns build floating nests out of marsh plants.,60
49,Clarks Grebe,클라크논병아리,클라크논병아리입니다. 서식지에 맞게 독특한 먹이 활동과 행동을 보여 주는 새입니다.,Jean,draft,49_Clarks_Grebe_VO_1.wav,1,Clarks Grebe. Clark was a 19th century surveyor who collected specimens for the Smithsonian.,75
50,Wood Duck,wood오리,wood오리입니다. 물가에서 생활하며 헤엄과 잠수를 활용해 먹이를 찾습니다.,Jean,draft,50_Wood_Duck_VO_3.wav,3,Wood Duck. Wood ducks nest in tree cavities and wooded areas.,75
51,Ruddy Duck,붉은빛오리,붉은빛오리입니다. 물가에서 생활하며 헤엄과 잠수를 활용해 먹이를 찾습니다.,Jean,draft,51_Ruddy_Duck_VO_1.wav,1,"Ruddy Duck. To display for mates, males slap their blue bills on their chests and run across the water.",75
52,Common Yellowthroat,일반노란목솔새,일반노란목솔새입니다. 서식지에 맞게 독특한 먹이 활동과 행동을 보여 주는 새입니다.,Jean,draft,52_Common_Yellowthroat_VO_3.wav,3,Common Yellowthroat. This was one of the first American birds to be cataloged by Linnaeus in 1766.,75
53,Pied Billed Grebe,얼룩부리논병아리,얼룩부리논병아리입니다. 서식지에 맞게 독특한 먹이 활동과 행동을 보여 주는 새입니다.,Jean,draft,53_Pied_Billed_Grebe_VO_1.wav,1,Pied Billed Grebe. Pied Billed Grebes create a floating platform nest with plant material.,75
54,Pileated Woodpecker,도가머리딱따구리,도가머리딱따구리입니다. 나무줄기를 타고 오르며 부리로 두드려 곤충이나 수액을 찾습니다.,Jean,draft,54_pileated_woodpecker_VO_1.wav,1,Other birds use these birds' old nests and gleam bugs where they've been feeding.,60
55,Western Meadowlark,서부종다리,서부종다리입니다. 작은 몸집과 뚜렷한 울음소리로 숲과 초원에서 존재감을 드러냅니다.,Jean,draft,55_Western_Meadowlark_VO_1.wav,1,Western Meadowlark. This pretty bird also has a beautiful flute-like song.,75
56,Grasshopper Sparrow,메뚜기참새,메뚜기참새입니다. 작은 몸집과 뚜렷한 울음소리로 숲과 초원에서 존재감을 드러냅니다.,Jean,draft,56_Grasshopper_Sparrow_VO_1.wav,1,Grasshopper Sparrow. The Grasshopper-like song of these sparrows is often overlooked.,75
57,Chipping Sparrow,칩핑참새,칩핑참새입니다. 작은 몸집과 뚜렷한 울음소리로 숲과 초원에서 존재감을 드러냅니다.,Jean,draft,57_Chipping_Sparrow_VO_1.wav,1,Chipping Sparrow. These sparrows generally feed on open ground but near trees.,75
58,Cassins Sparrow,캐신참새,캐신참새입니다. 작은 몸집과 뚜렷한 울음소리로 숲과 초원에서 존재감을 드러냅니다.,Jean,draft,58_Cassins_Sparrow_VO_2.wav,2,Can you see the picture of Cassins Sparrow? Can you see the picture of Cassins Sparrow? Did you see the picture of Cassins Sparrow?,75
59,Bairds Sparrow,베어드참새,베어드참새입니다. 작은 몸집과 뚜렷한 울음소리로 숲과 초원에서 존재감을 드러냅니다.,Jean,draft,59_Bairds_Sparrow_VO_3.wav,3,Bairds Sparrow. Spencer Baird was the first curator of the Smithsonian.,75
60,California Quail,캘리포니아메추라기,캘리포니아메추라기입니다. 주로 땅 위에서 생활하며 풀숲과 덤불 사이를 빠르게 오갑니다.,Jean,draft,60_California_Quail_VO_3.wav,3,California Quail. California quail nests have been reported with as many as 28 eggs.,75
61,Northern Bobwhite,북부bobwhite새,북부bobwhite새입니다. 서식지에 맞게 독특한 먹이 활동과 행동을 보여 주는 새입니다.,Jean,draft,61_Northern_Bobwhite_VO_2.wav,2,"Northern Bobwhite. Bobwhites are prolific breeders, but their numbers are in decline.",75
62,Mourning Dove,애도비둘기,애도비둘기입니다. 부드러운 울음소리와 씨앗을 먹는 습성이 잘 알려진 새입니다.,Jean,draft,62_Mourning_Dove_VO_1.wav,1,Mourning Dove. One pair of doves may raise five or six small broods in a year.,75
63,Baltimore Oriole,baltimore꾀꼬리,baltimore꾀꼬리입니다. 작은 몸집과 뚜렷한 울음소리로 숲과 초원에서 존재감을 드러냅니다.,Jean,draft,63_baltimore_oriole_VO_1.wav,1,"Baltimore Oriole, Orioles weave pouch nests that hang from a tree branch.",75
64,Red Crossbill,붉은crossbill새,붉은crossbill새입니다. 서식지에 맞게 독특한 먹이 활동과 행동을 보여 주는 새입니다.,Jean,draft,64_Red_Crossbill_VO_3.wav,3,These birds use their specialized bills to pry apart conifer seed cones.,60
65,Lazuli Bunting,라줄리멧새,라줄리멧새입니다. 작은 몸집과 뚜렷한 울음소리로 숲과 초원에서 존재감을 드러냅니다.,Jean,draft,65_Lazuli_Bunting_VO_2.wav,2,Lazuli Bunting. The Latin name Amina means beautiful or charming.,75
66,American Crow,아메리카까마귀,아메리카까마귀입니다. 영리하고 적응력이 뛰어나며 다양한 먹이를 활용하는 새입니다.,Jean,draft,66_American_Crow_VO_1.wav,1,American Crow. These intelligent birds steal eggs and food from other birds and cash food for later.,75
67,Fish Crow,fish까마귀,fish까마귀입니다. 영리하고 적응력이 뛰어나며 다양한 먹이를 활용하는 새입니다.,Jean,draft,67_Fish_Crow_VO_1.wav,1,"Fish Crow. These birds may eat more fish than other crows, but they're actually omnivores.",75
68,Black Crowned Night Heron,검은crownednight왜가리,검은crownednight왜가리입니다. 습지와 얕은 물가에서 긴 다리와 부리를 활용해 먹이를 찾습니다.,Jean,draft,68_black_crowned_night_heron_VO_3.wav,3,"Black crowned night heron. Night herons eat carrion and eggs in addition to fish, rodents, and invertebrates.",75
69,Chihuahuan Raven,치와와큰까마귀,치와와큰까마귀입니다. 영리하고 적응력이 뛰어나며 다양한 먹이를 활용하는 새입니다.,Jean,draft,69_Chihuahuan_Raven_VO_3.wav,3,Chihuahuan Raven. This bird is native to the Chihuahuan Desert of the southwest U.S. and northern Mexico.,75
70,Common Raven,큰까마귀,큰까마귀입니다. 영리하고 적응력이 뛰어나며 다양한 먹이를 활용하는 새입니다.,Jean,draft,70_Common_Raven_VO_1.wav,1,"Common Raven. Ravens are omnivores whose diet includes insects, rodents, eggs, birds, and carrion.",75
71,Northern Cardinal,북부홍관조,북부홍관조입니다. 작은 몸집과 뚜렷한 울음소리로 숲과 초원에서 존재감을 드러냅니다.,Jean,draft,71_Northern_Cardinal_VO_2.wav,2,"Northern Cardinal. In most North American species only males sing, but female cardinals break this rule.",75
72,Yellow Bellied Sapsucker,노란bellied딱따구리,노란bellied딱따구리입니다. 나무줄기를 타고 오르며 부리로 두드려 곤충이나 수액을 찾습니다.,Jean,draft,72_Yellow_Bellied_Sapsucker_VO_1.wav,1,Yellow Bellied Sapsucker. Sapsuckers drill rows of holes in trees then lap up the sap and the insects it attracts.,75
73,Indigo Bunting,남색멧새,남색멧새입니다. 작은 몸집과 뚜렷한 울음소리로 숲과 초원에서 존재감을 드러냅니다.,Jean,draft,73_Indigo_Bunting_VO_1.wav,1,Indigo Buntings are almost always found on forest edges.,75
74,Western Tanager,서부풍금조,서부풍금조입니다. 작은 몸집과 뚜렷한 울음소리로 숲과 초원에서 존재감을 드러냅니다.,Jean,draft,74_Western_Tanager_VO_1.wav,1,Western Tanager. These flame-colored birds are hard to see because they like the canopies of evergreen forests.,75
75,Spotted Towhee,점박이토히,점박이토히입니다. 서식지에 맞게 독특한 먹이 활동과 행동을 보여 주는 새입니다.,Jean,draft,75_Spotted_Towhee_VO_1.wav,1,Spotted Towhee. These birds forage by hopping backwards to uncover insects and seeds in the leaf litter.,75
76,Rose Breasted Grosbeak,장밋빛가슴콩새,장밋빛가슴콩새입니다. 작은 몸집과 뚜렷한 울음소리로 숲과 초원에서 존재감을 드러냅니다.,Jean,draft,76_Rose_Breasted_Grosbeak_VO_3.wav,3,This pretty sweet sounding bird has the gruesome nickname Cutthroat.,60
77,Green Heron,초록왜가리,초록왜가리입니다. 습지와 얕은 물가에서 긴 다리와 부리를 활용해 먹이를 찾습니다.,Jean,draft,77_Green_Heron_VO_1.wav,1,Green Heron. Green herons drop insects and other objects onto the water to attract fish.,75
78,Gray Catbird,회색catbird새,회색catbird새입니다. 작은 몸집과 뚜렷한 울음소리로 숲과 초원에서 존재감을 드러냅니다.,Jean,draft,78_gray_catbird_VO_1.wav,1,Gray catbird. Catbirds mimic other birds and also have a call that sounds like a cat meowing.,75
79,Northern Mockingbird,북부흉내지빠귀,북부흉내지빠귀입니다. 작은 몸집과 뚜렷한 울음소리로 숲과 초원에서 존재감을 드러냅니다.,Jean,draft,79_Northern_Mockingbird_VO_3.wav,3,Northern Mockingbird. A male mockingbird may learn around 200 songs throughout its life.,75
80,Hooded Merganser,두건비오리,두건비오리입니다. 물가에서 생활하며 헤엄과 잠수를 활용해 먹이를 찾습니다.,Jean,draft,80_Hooded_Merganser_VO_1.wav,1,Hooded Merganser. Merganser chicks jump from their cavity nest to the ground when they're just one day old.,75
81,Bewicks Wren,뷰익굴뚝새,뷰익굴뚝새입니다. 작은 몸집과 뚜렷한 울음소리로 숲과 초원에서 존재감을 드러냅니다.,Jean,draft,81_bewicks_wren_VO_12.wav,12,Buicks wren. These wrens have largely disappeared in the eastern part of their range due to nest predators.,60
82,Yellow Breasted Chat,노란가슴챗,노란가슴챗입니다. 작은 몸집과 뚜렷한 울음소리로 숲과 초원에서 존재감을 드러냅니다.,Jean,draft,82_Yellow_Breasted_Chat_VO_3.wav,3,"Yellow Breasted Chat. Because these birds like dense thickets, they are more often heard than seen.",75
83,Common Nighthawk,일반쏙독새,일반쏙독새입니다. 하늘을 빠르게 날며 날아다니는 곤충을 잡아먹습니다.,Jean,draft,83_Common_Nighthawk_VO_1.wav,1,"Common Nighthawk. Nighthawks are crepuscular, hunting flying insects at dawn and dusk.",75
84,Song Sparrow,노래참새,노래참새입니다. 작은 몸집과 뚜렷한 울음소리로 숲과 초원에서 존재감을 드러냅니다.,Jean,draft,84_Song_Sparrow_VO_1.wav,1,"Song Sparrow. When resources are abundant, Song Sparrows can rear four clutches of eggs.",75
85,White Crowned Sparrow,흰crowned참새,흰crowned참새입니다. 작은 몸집과 뚜렷한 울음소리로 숲과 초원에서 존재감을 드러냅니다.,Jean,draft,85_White_Crowned_Sparrow_VO_1.wav,1,White Crowned Sparrow. These sparrows like shrubby areas in many habitats from tundra to desert.,75
86,Chimney Swift,chimney칼새,chimney칼새입니다. 하늘을 빠르게 날며 날아다니는 곤충을 잡아먹습니다.,Jean,draft,86_Chimney_Swift_VO_1.wav,1,Chimney Swift. These birds have adapted to nest in chimneys instead of hollow trees.,75
87,Blue Grosbeak,푸른콩새,푸른콩새입니다. 작은 몸집과 뚜렷한 울음소리로 숲과 초원에서 존재감을 드러냅니다.,Jean,draft,87_Blue_Grosbeak_VO_2.wav,2,Blue Grosbeak. Grosbeaks especially like tangled vines and shrubby areas on forest edges.,75
88,Lincolns Sparrow,링컨참새,링컨참새입니다. 작은 몸집과 뚜렷한 울음소리로 숲과 초원에서 존재감을 드러냅니다.,Jean,draft,88_Lincolns_Sparrow_VO_1.wav,1,Lincoln Sparrow. Thomas Lincoln collected the Sparrow in Canada with John James Audubon.,60
89,Greater Roadrunner,큰로드러너,큰로드러너입니다. 서식지에 맞게 독특한 먹이 활동과 행동을 보여 주는 새입니다.,Jean,draft,89_Greater_Roadrunner_VO_1.wav,1,"Greater Roadrunner. Roadrunners rarely fly, but will jump up to snatch prey out of the air.",75
90,Red Tailed Hawk,붉은tailed매,붉은tailed매입니다. 날카로운 시야와 강한 날개로 하늘을 누비는 맹금류입니다.,Jean,draft,90_Red_Tailed_Hawk_VO_1.wav,1,Red Tailed Hawk. Movies almost always use the Red Tailed Hawk's call for any raptor.,75
91,Northern Harrier Tj,북부개구리매,북부개구리매입니다. 날카로운 시야와 강한 날개로 하늘을 누비는 맹금류입니다.,Jean,draft,91_Northern_Harrier_VO_1.wav,1,Northern Harrier. Northern Harriers fly low over marshes and grasslands seeking prey.,75
92,Coopers Hawk,쿠퍼매,쿠퍼매입니다. 날카로운 시야와 강한 날개로 하늘을 누비는 맹금류입니다.,Jean,draft,92_Coopers_Hawk_VO_3.wav,3,Coopers Hawk. Coopers Hawks hunt forest birds and mammals with great stealth.,75
93,Red Shouldered Hawk,붉은shouldered매,붉은shouldered매입니다. 날카로운 시야와 강한 날개로 하늘을 누비는 맹금류입니다.,Jean,draft,93_Red_Shouldered_Hawk_VO_1.wav,1,"Red Shouldered Hawk. These hawks hunt from a perch, swooping down when prey is nearby.",75
94,Barred Owl,줄무늬올빼미,"줄무늬올빼미입니다. 밤에 활동하는 맹금류로, 조용히 날아 먹이를 찾는 습성이 두드러집니다.",Jean,draft,94_Barred_Owl_VO_2.wav,2,"Barred Owl. The Barred Owl's haunting call sounds like, who cooks for you?",75
95,Swainsons Hawk,스웨인슨매,스웨인슨매입니다. 날카로운 시야와 강한 날개로 하늘을 누비는 맹금류입니다.,Jean,draft,95_Swainsons_Hawk_VO_3.wav,3,"Swainsons Hawk. These hawks feed chicks, small mammals and birds, but adults eat mostly insects.",75
96,Peregrine Falcon,peregrine매,peregrine매입니다. 날카로운 시야와 강한 날개로 하늘을 누비는 맹금류입니다.,Jean,draft,96_Peregrine_Falcon_VO_1.wav,1,Peregrine Falcon. Diving to attack. A Peregrine Falcon can reach speeds up to 200 miles per hour.,75
97,Golden Eagle,검독수리,검독수리입니다. 날카로운 시야와 강한 날개로 하늘을 누비는 맹금류입니다.,Jean,draft,97_Golden_Eagle_VO_23.wav,23,"Golden Eagle. Golden Eagles mostly eat rabbit-sized prey, but can go after livestock and birds.",75
98,Great Horned Owl,아메리카수리부엉이,"아메리카수리부엉이입니다. 밤에 활동하는 맹금류로, 조용히 날아 먹이를 찾는 습성이 두드러집니다.",Jean,draft,98_Great_Horned_Owl_VO_1.wav,1,"Great Horned Owl. These strong owls can kill large prey including skunks, cats and dogs.",75
99,Common Merganser,일반비오리,일반비오리입니다. 물가에서 생활하며 헤엄과 잠수를 활용해 먹이를 찾습니다.,Jean,draft,99_Common_Merganser_VO_1.wav,1,Common Merganser. Adult males can eat fish more than a foot long.,75
100,Willet,윌렛,윌렛입니다. 해안과 습지 가장자리에서 긴 부리로 작은 먹이를 찾아냅니다.,Jean,draft,100_Willet_VO_1.wav,1,Willet's feed during the day and the night.,55
101,Anhinga,아닝가새,아닝가새입니다. 서식지에 맞게 독특한 먹이 활동과 행동을 보여 주는 새입니다.,Jean,draft,101_Anhinga_VO_13.wav,13,"On Anhinga, this bird is called Snakebird. It swims with only head and neck above water.",75
102,Snowy Egret,눈백로,눈백로입니다. 습지와 얕은 물가에서 긴 다리와 부리를 활용해 먹이를 찾습니다.,Jean,draft,102_Snowy_Egret_VO_3.wav,3,"Snowy Egret. In the 1880s, these birds' wispy plumes were literally worth their weight in gold.",75
103,White Faced Ibis,흰faced따오기,흰faced따오기입니다. 습지와 얕은 물가에서 긴 다리와 부리를 활용해 먹이를 찾습니다.,Jean,draft,103_White_Faced_Ibis_VO_1.wav,1,White Faced Ibis. White Faced Ibises nest in colonies with herons and egrets.,75
104,Black Skimmer,검은가위부리,검은가위부리입니다. 바다와 호수 주변에서 생활하며 물고기와 작은 수생 동물을 노립니다.,Jean,draft,104_Black_Skimmer_VO_1.wav,1,Black Skimmer. Skimmers plow the water with their beaks snapping shut when they hit a fish.,75
105,Eastern Screech Owl,동부screech올빼미,"동부screech올빼미입니다. 밤에 활동하는 맹금류로, 조용히 날아 먹이를 찾는 습성이 두드러집니다.",Jean,draft,105_Eastern_Screech_Owl_VO_1.wav,1,"Eastern Screech Owl. These owls live near humans, but because they're small and nocturnal, they're rarely seen.",75
106,Mississippi Kite,mississippi솔개,mississippi솔개입니다. 날카로운 시야와 강한 날개로 하늘을 누비는 맹금류입니다.,Jean,draft,106_mississippi_kite_VO_2.wav,2,"Mississippi kite. These birds mostly eat large insects, but they'll also eat rodents, bats, and birds.",75
107,Ferruginous Hawk,ferruginous매,ferruginous매입니다. 날카로운 시야와 강한 날개로 하늘을 누비는 맹금류입니다.,Jean,draft,107_Ferruginous_Hawk_VO_1.wav,1,Ferruginous Hawk. These rust-colored birds sometimes hunt in groups in prairie dog towns.,75
108,American Kestrel,아메리카황조롱이,아메리카황조롱이입니다. 서식지에 맞게 독특한 먹이 활동과 행동을 보여 주는 새입니다.,Jean,draft,108_American_Kestrel_VO_3.wav,3,American Kestrel. Kestrels track rodents by their urine and will cash surplus kills for later.,75
109,Barn Owl,가면올빼미,"가면올빼미입니다. 밤에 활동하는 맹금류로, 조용히 날아 먹이를 찾는 습성이 두드러집니다.",Jean,draft,109_Barn_Owl_VO_1.wav,1,Barn Owls use their excellent hearing to catch prey in the dark and will cash surplus for later.,75
110,Burrowing Owl,굴파는올빼미,"굴파는올빼미입니다. 밤에 활동하는 맹금류로, 조용히 날아 먹이를 찾는 습성이 두드러집니다.",Jean,draft,110_Burrowing_Owl_VO_13.wav,13,Burrowing Owl. These owls often use old prairie dog burrows for their underground nests.,75
111,Sandhill Crane,캐나다두루미,캐나다두루미입니다. 습지와 얕은 물가에서 긴 다리와 부리를 활용해 먹이를 찾습니다.,Jean,draft,111_Sandhill_Crane_VO_1.wav,1,Sandhill Crane. Sandhill Cranes can live for decades and mate for life.,75
112,Canada Goose,캐나다기러기,캐나다기러기입니다. 물가에서 생활하며 헤엄과 잠수를 활용해 먹이를 찾습니다.,Jean,draft,112_Canada_Goose_VO_1.wav,1,Canada Goose. The oldest known wild Canada goose was at least 33 years old.,75
113,Black Bellied Whistling Duck,검은bellied휘파람오리,검은bellied휘파람오리입니다. 물가에서 생활하며 헤엄과 잠수를 활용해 먹이를 찾습니다.,Jean,draft,113_Black_Bellied_Whistling_Duck_VO_1.wav,1,Black Bellied Whistling Duck. These ducks really do whistle.,75
114,Double Crested Cormorant,두겹볏가마우지,두겹볏가마우지입니다. 바다와 호수 주변에서 생활하며 물고기와 작은 수생 동물을 노립니다.,Jean,draft,114_Double_Crested_Cormorant_VO_3.wav,3,Double Crested Cormorant. Cormorant colonies can be so dense that their guano kills the trees.,75
115,American White Pelican,아메리카흰펠리컨,아메리카흰펠리컨입니다. 바다와 호수 주변에서 생활하며 물고기와 작은 수생 동물을 노립니다.,Jean,draft,115_American_White_Pelican_VO_1.wav,1,"American White Pelican, pelicans work together to herd fish and then scoop them up.",75
116,Red Winged Blackbird,붉은날개검은새,붉은날개검은새입니다. 작은 몸집과 뚜렷한 울음소리로 숲과 초원에서 존재감을 드러냅니다.,Jean,draft,116_Red_Winged_Blackbird_VO_1.wav,1,Red-winged blackbird. Blackbird flocks can include hundreds of thousands of birds.,60
117,Common Grackle,일반검정새,일반검정새입니다. 서식지에 맞게 독특한 먹이 활동과 행동을 보여 주는 새입니다.,Jean,draft,117_Common_Grackle_VO_3.wav,3,"Common Grackle. In winter, grackles roost in large flocks that can include millions of individuals.",75
118,Brewers Blackbird,브루어검은새,브루어검은새입니다. 작은 몸집과 뚜렷한 울음소리로 숲과 초원에서 존재감을 드러냅니다.,Jean,draft,118_Brewers_Blackbird_VO_1.wav,1,Brewers Blackbird. Brewer was a prominent 19th century ornithologist and eulogist.,75
119,Yellow Headed Blackbird,노란머리검은새,노란머리검은새입니다. 작은 몸집과 뚜렷한 울음소리로 숲과 초원에서 존재감을 드러냅니다.,Jean,draft,119_Yellow_Headed_Blackbird_VO_3.wav,3,"Yellow Headed Blackbird. These blackbirds form huge flocks, especially in winter.",75
120,Bushtit,부시팃새,부시팃새입니다. 서식지에 맞게 독특한 먹이 활동과 행동을 보여 주는 새입니다.,Jean,draft,120_Bushtit_VO_3.wav,3,"Bushtits live in flocks, and single adults will help couples raise their young.",75
121,Dickcissel,딕시슬새,딕시슬새입니다. 서식지에 맞게 독특한 먹이 활동과 행동을 보여 주는 새입니다.,Jean,draft,121_Dickcissel_VO_1.wav,1,"Dickcissel. This bird used to live in the eastern U.S., but its range has shrunk due to habitat loss.",75
122,Ring Billed Gull,고리billed갈매기,고리billed갈매기입니다. 바다와 호수 주변에서 생활하며 물고기와 작은 수생 동물을 노립니다.,Jean,draft,122_Ring_Billed_Gull__VO_1.wav,1,Ring Billed Gull. These gulls steal food and eggs from other birds and scavenge at garbage dumps.,75
123,American Coot,아메리카물닭,아메리카물닭입니다. 습지와 얕은 물가에서 긴 다리와 부리를 활용해 먹이를 찾습니다.,Jean,draft,123_American_Coot__VO_3.wav,3,"American Coot, these omnivorous birds eat a lot of algae, but also seeds, fish, insects, and mollusks.",75
124,Yellow Rumped Warbler,노란rumped워블러,노란rumped워블러입니다. 작은 몸집과 뚜렷한 울음소리로 숲과 초원에서 존재감을 드러냅니다.,Jean,draft,124_Yellow_Rumped_Warbler_VO_13.wav,13,Yellow Rumped Warbler. Birders sometimes call these birds butter butts.,75
125,American Robin,아메리카로빈,아메리카로빈입니다. 작은 몸집과 뚜렷한 울음소리로 숲과 초원에서 존재감을 드러냅니다.,Jean,draft,125_American_Robin_VO_1.wav,1,"American Robin. Robins have been known to roost in groups of 100,000 or more.",75
126,House Finch,집되새,집되새입니다. 작은 몸집과 뚜렷한 울음소리로 숲과 초원에서 존재감을 드러냅니다.,Jean,draft,126_House_Finch_VO_13.wav,13,House Finch. These finches are rarely alone and can flock in the hundreds.,75
127,Barn Swallow,barn제비,barn제비입니다. 하늘을 빠르게 날며 날아다니는 곤충을 잡아먹습니다.,Jean,draft,127_Barn_Swallow_VO_13.wav,13,"Barn Swallow. Barn swallows once nested in caves, but now favor human-made structures.",75
128,Tree Swallow,tree제비,tree제비입니다. 하늘을 빠르게 날며 날아다니는 곤충을 잡아먹습니다.,Jean,draft,128_Tree_Swallow_VO_1.wav,1,Tree Swallow. Tree Swallows can form flocks numbering in the hundreds of thousands.,75
129,Purple Martin,보라제비,보라제비입니다. 하늘을 빠르게 날며 날아다니는 곤충을 잡아먹습니다.,Jean,draft,129_Purple_Martin_VO_3.wav,3,Purple Martin. Native Americans hung gourds as houses for these birds because they eat so many bugs.,75
130,Violet Green Swallow,보라초록제비,보라초록제비입니다. 하늘을 빠르게 날며 날아다니는 곤충을 잡아먹습니다.,Jean,draft,130_Violet_Green_Swallow_VO_3.wav,3,"Violet Green Swallow. Like other swallows, these birds forage in large groups and open areas.",75
131,Cedar Waxwing,cedar여새,cedar여새입니다. 서식지에 맞게 독특한 먹이 활동과 행동을 보여 주는 새입니다.,Jean,draft,131_Cedar_Waxwing_VO_3.wav,3,Cedar Waxwing. Cedar Waxwings are one of the only birds in North America that eat exclusively fruit.,75
132,Pygmy Nuthatch,꼬마동고비,꼬마동고비입니다. 서식지에 맞게 독특한 먹이 활동과 행동을 보여 주는 새입니다.,Jean,draft,132_Pygmy_Nuthatch_VO_3.wav,3,Pygmy Nuthatch. These flocking birds often have helper birds bringing food during nesting season.,75
133,Pine Siskin,소나무siskin새,소나무siskin새입니다. 서식지에 맞게 독특한 먹이 활동과 행동을 보여 주는 새입니다.,Jean,draft,133_Pine_Siskin_VO_1.wav,1,"Pine Siskin. Pine Siskins are gregarious, traveling in flocks to look for food.",75
134,Dark Eyed Junco,검은eyed정코새,검은eyed정코새입니다. 서식지에 맞게 독특한 먹이 활동과 행동을 보여 주는 새입니다.,Jean,draft,134_Dark_Eyed_Junco_VO_1.wav,1,"Dark Eyed Junco. Junco's summer in the cool woods, but we'll use more open habitats in the winter.",75
135,American Oystercatcher,아메리카검은머리물떼새,아메리카검은머리물떼새입니다. 해안과 습지 가장자리에서 긴 부리로 작은 먹이를 찾아냅니다.,Jean,draft,135_American_Oystercatcher_VO_2.wav,2,"American Oystercatcher. These birds feed not just on oysters and shellfish, but also other invertebrates.",75
136,Carolina Wren,캐롤라이나굴뚝새,캐롤라이나굴뚝새입니다. 작은 몸집과 뚜렷한 울음소리로 숲과 초원에서 존재감을 드러냅니다.,Jean,draft,136_Carolina_Wren_VO_2.wav,2,"Carolina Wren. A single male Carolina Wren can sing nearly 3,000 times in a single day.",75
137,Black Necked Stilt,검은necked장다리물떼새,검은necked장다리물떼새입니다. 해안과 습지 가장자리에서 긴 부리로 작은 먹이를 찾아냅니다.,Jean,draft,137_Black_Necked_Stilt_VO_3.wav,3,"Black Necked Stilt. When not breeding, stilts form closely packed groups and will mob predators.",75
138,Inca Dove,잉카비둘기,잉카비둘기입니다. 부드러운 울음소리와 씨앗을 먹는 습성이 잘 알려진 새입니다.,Jean,draft,138_Inca_Dove_VO_1.wav,1,Inca Dove. This bird likes human settlements and is expanding its range north.,75
139,Says Phoebe,says피비새,says피비새입니다. 나뭇가지에서 기다리다가 날아오르는 곤충을 재빠르게 낚아챕니다.,Jean,draft,139_Says_Phoebe_VO_3.wav,3,"Says Phoebe. Thomas Say also has snails, crabs, and a snake named after him.",75
140,Ash Throated Flycatcher,ashthroated딱새,ashthroated딱새입니다. 나뭇가지에서 기다리다가 날아오르는 곤충을 재빠르게 낚아챕니다.,Jean,draft,140_ash_throated_flycatcher_VO_3.wav,3,Ash throated flycatcher. These birds are adapted to dry places. They get all their water from their food.,75
141,Bobolink,보보링크새,보보링크새입니다. 서식지에 맞게 독특한 먹이 활동과 행동을 보여 주는 새입니다.,Jean,draft,141_Bobolink_VO_2.wav,2,Bobolink Emily Dickinson wrote poems about these birds as rowdy choristers in her Church of Nature.,75
142,Brown Pelican,갈색펠리컨,갈색펠리컨입니다. 바다와 호수 주변에서 생활하며 물고기와 작은 수생 동물을 노립니다.,Jean,draft,142_Brown_Pelican_VO_3.wav,3,"Brown Pelican. Seriously endangered in the 1970s, Brown Pelicans are thriving after the U.S. and Canada banned DDT.",75
143,American Goldfinch,아메리카goldfinch새,아메리카goldfinch새입니다. 서식지에 맞게 독특한 먹이 활동과 행동을 보여 주는 새입니다.,Jean,draft,143_American_Goldfinch_VO_1.wav,1,American Goldfinch. Goldfinches breed late after the milkweed and thistle have gone to seed.,75
144,Northern Flicker,북부딱따구리,북부딱따구리입니다. 나무줄기를 타고 오르며 부리로 두드려 곤충이나 수액을 찾습니다.,Jean,draft,144_Northern_Flicker_VO_2.wav,2,Northern Flicker. These woodpeckers seek out ground-dwelling insects rather than pecking wood.,75
145,Bald Eagle,흰머리수리,흰머리수리입니다. 날카로운 시야와 강한 날개로 하늘을 누비는 맹금류입니다.,Jean,draft,145_Bald_Eagle_VO_1.wav,1,Bald Eagle. Bald eagles steal fish. Ben Franklin thought this was a bad choice for the U.S. national bird.,75
146,Wood Stork,wood황새,wood황새입니다. 습지와 얕은 물가에서 긴 다리와 부리를 활용해 먹이를 찾습니다.,Jean,draft,146_Wood_Stork_VO_1.wav,1,Wood Stork. The Wood Stork was removed from the U.S. Endangered Species List in 2014.,75
147,Roseate Spoonbill,roseate저어새,roseate저어새입니다. 서식지에 맞게 독특한 먹이 활동과 행동을 보여 주는 새입니다.,Jean,draft,147_Roseate_spoonbill_VO_1.wav,1,This bird's unusually shaped bill helps it feel prey in the water.,60
148,Cerulean Warbler,하늘빛워블러,하늘빛워블러입니다. 작은 몸집과 뚜렷한 울음소리로 숲과 초원에서 존재감을 드러냅니다.,Jean,draft,148_Cerulean_Warbler_VO_3.wav,3,"Cerulean Warbler. Between 1966 and 2015, this species lost 74% of its population.",75
149,Chestnut Collared Longspur,밤색collared긴발톱멧새,밤색collared긴발톱멧새입니다. 서식지에 맞게 독특한 먹이 활동과 행동을 보여 주는 새입니다.,Jean,draft,149_chestnut_collared_longspur_VO_3.wav,3,Chestnut collared longspur. This bird's population dropped by 82% between 1966 and 2015.,75
150,King Rail,king뜸부기,king뜸부기입니다. 습지와 얕은 물가에서 긴 다리와 부리를 활용해 먹이를 찾습니다.,Jean,draft,150_King_Rail_VO_3.wav,3,King Rail. King Rails declined 91% from 1966 to 2014 due to habitat loss and pesticide runoff.,75
151,Red Cockaded Woodpecker,붉은cockaded딱따구리,붉은cockaded딱따구리입니다. 나무줄기를 타고 오르며 부리로 두드려 곤충이나 수액을 찾습니다.,Jean,draft,151_Red_Cockaded_Woodpecker_VO_1.wav,1,"Red Cockaded Woodpecker. This bird is in danger due to habitat loss. There may be fewer than 10,000.",75
152,Whooping Crane,아메리카흰두루미,아메리카흰두루미입니다. 습지와 얕은 물가에서 긴 다리와 부리를 활용해 먹이를 찾습니다.,Jean,draft,152_Whooping_Crane_VO_1.wav,1,"Whooping Crane. From its low of 20 birds, the Whooping Crane population has risen to about 600.",75
153,Spotted Owl,점박이올빼미,"점박이올빼미입니다. 밤에 활동하는 맹금류로, 조용히 날아 먹이를 찾는 습성이 두드러집니다.",Jean,draft,153_Spotted_Owl_VO_1.wav,1,Spotted Owl. Habitat for these birds was a topic in logging fights in the Pacific Northwest region of the U.S.,75
154,Cassins Finch,캐신되새,캐신되새입니다. 작은 몸집과 뚜렷한 울음소리로 숲과 초원에서 존재감을 드러냅니다.,Jean,draft,154_Cassins_Finch_VO_1.wav,1,"Cassins Finch. 15 birds are named after ornithologist John Cassin, including two in this game.",75
155,Bells Vireo,벨비레오,벨비레오입니다. 작은 몸집과 뚜렷한 울음소리로 숲과 초원에서 존재감을 드러냅니다.,Jean,draft,155_Bells_Vireo_VO_1.wav,1,Bells Vireo. John Graham Bell taught taxidermy to future U.S. President Theodore Roosevelt.,75
156,Painted Bunting,채색멧새,채색멧새입니다. 작은 몸집과 뚜렷한 울음소리로 숲과 초원에서 존재감을 드러냅니다.,Jean,draft,156_Painted_Bunting_VO_2.wav,2,"Poachers sell these birds as pets, making it harder for wild populations to thrive.",60
157,Greater Prairie Chicken,큰prairiechicken새,큰prairiechicken새입니다. 주로 땅 위에서 생활하며 풀숲과 덤불 사이를 빠르게 오갑니다.,Jean,draft,157_greater_prairie_chicken_VO_1.wav,1,"Greater prairie chicken. One subspecies of this bird went extinct in 1932, and a Texas form is endangered.",75
158,Atlantic Puffin,대서양퍼핀,대서양퍼핀입니다. 바다와 호수 주변에서 생활하며 물고기와 작은 수생 동물을 노립니다.,Jean,draft,158_Atlantic_Puffin_VO_1.wav,1,Atlantic Puffin. Puffin's breeding areas are threatened by climate change.,75
159,Spragues Pipit,spragues밭종다리,spragues밭종다리입니다. 작은 몸집과 뚜렷한 울음소리로 숲과 초원에서 존재감을 드러냅니다.,Jean,draft,159_Spragues_Pipit_VO_1.wav,1,Spragues Pipit. This rare bird's mating display can last for over an hour.,75
160,California Condor,캘리포니아콘도르,캘리포니아콘도르입니다. 날카로운 시야와 강한 날개로 하늘을 누비는 맹금류입니다.,Jean,draft,160_California_Condor_VO_1.wav,1,"California Condor. There were just 22 of these scavengers alive in the 1980s, but there are now over 200.",75
161,Downy Woodpecker,솜털딱따구리,솜털딱따구리입니다. 나무줄기를 타고 오르며 부리로 두드려 곤충이나 수액을 찾습니다.,Jean,draft,161_Downy_Woodpecker_VO_1.wav,1,Downy Woodpecker. This little woodpecker frequently joins mixed flocks.,75
162,Tufted Titmouse,볏박새,볏박새입니다. 서식지에 맞게 독특한 먹이 활동과 행동을 보여 주는 새입니다.,Jean,draft,162_Tufted_Titmouse_VO_1.wav,1,Tufted Titmouse. Titmice are key in the formation of mixed species flocks.,75
163,Ruby Crowned Kinglet,루비crownedkinglet새,루비crownedkinglet새입니다. 서식지에 맞게 독특한 먹이 활동과 행동을 보여 주는 새입니다.,Jean,draft,163_Ruby_Crowned_Kinglet_VO_1.wav,1,Ruby Crowned Kinglet. Kinglet's ruby red crown feathers pop up when they are agitated.,75
164,Red Eyed Vireo,붉은eyed비레오,붉은eyed비레오입니다. 작은 몸집과 뚜렷한 울음소리로 숲과 초원에서 존재감을 드러냅니다.,Jean,draft,164_Red_Eyed_Vireo_VO_1.wav,1,Red Eyed Vireo. Near sighted vireos flock with other birds that make noise if predators are around.,75
165,House Wren,집굴뚝새,집굴뚝새입니다. 작은 몸집과 뚜렷한 울음소리로 숲과 초원에서 존재감을 드러냅니다.,Jean,draft,165_House_Wren_VO_1.wav,1,House Wren. House Wrens will remove the eggs of other birds and take over their nests.,75
166,Savannah Sparrow,사바나참새,사바나참새입니다. 작은 몸집과 뚜렷한 울음소리로 숲과 초원에서 존재감을 드러냅니다.,Jean,draft,166_Savannah_Sparrow_VO_1.wav,1,Savannah Sparrow. This sparrow is named after both Savannah Georgia and Sandwich Sound Alaska.,75
167,Eastern Bluebird,동부파랑새,동부파랑새입니다. 작은 몸집과 뚜렷한 울음소리로 숲과 초원에서 존재감을 드러냅니다.,Jean,draft,167_Eastern_Bluebird_VO_1.wav,1,Eastern Bluebird. Bluebirds struggle to breed where there is a lack of tree cavities. Nestboxes help.,75
168,Mountain Bluebird,산파랑새,산파랑새입니다. 작은 몸집과 뚜렷한 울음소리로 숲과 초원에서 존재감을 드러냅니다.,Jean,draft,168_mountain_bluebird_VO_2.wav,2,Mountain bluebird. These birds can be found from prairies up to alpine zones above tree line.,75
169,Great Blue Heron,큰푸른왜가리,큰푸른왜가리입니다. 습지와 얕은 물가에서 긴 다리와 부리를 활용해 먹이를 찾습니다.,Jean,draft,169_Great_Blue_Heron_VO_12.wav,12,"Great Blue Heron. Great Blue Herons form rookeries with egrets, cormorants, and other herons.",75
170,Great Egret,대백로,대백로입니다. 습지와 얕은 물가에서 긴 다리와 부리를 활용해 먹이를 찾습니다.,Jean,draft,170_Great_Egret_VO_1.wav,1,Great Egret. Smaller birds will sometimes follow after Great Egrets as they stir up prey.,75
171,Broad Winged Hawk,넓은날개매,넓은날개매입니다. 날카로운 시야와 강한 날개로 하늘을 누비는 맹금류입니다.,Jean,draft,171_Broad_Winged_Hawk_VO_1.wav,1,Broad-winged hawk. This hawk is seen more during migration than while it's in the forest interior.,60
172,American Redstart,아메리카딱새,아메리카딱새입니다. 서식지에 맞게 독특한 먹이 활동과 행동을 보여 주는 새입니다.,Jean,draft,172_American_Redstart_VO_1.wav,1,"American Redstart. Redstarts get their name from the Old English word stort, meaning tail.",75
173,Canvasback,캔버스백새,캔버스백새입니다. 물가에서 생활하며 헤엄과 잠수를 활용해 먹이를 찾습니다.,Jean,draft,173_Canvasback_VO_1.wav,1,Canvasback. The fastest recorded Canvasback was flying 116 kilometers per hour.,75
174,Vauxs Swift,vauxs칼새,vauxs칼새입니다. 하늘을 빠르게 날며 날아다니는 곤충을 잡아먹습니다.,Jean,draft,174_Vauxs_Swift_VO_1.wav,1,Vaux Swift. William Sansom Vaux was a wealthy mineralogist and naturalist.,60
175,Brant,브란트새,브란트새입니다. 서식지에 맞게 독특한 먹이 활동과 행동을 보여 주는 새입니다.,Jean,draft,175_Brant_VO_1.wav,1,"Brant. Brants can migrate the 5,300 kilometers from Alaska to Mexico in 54 hours.",75
176,White Throated Swift,흰throated칼새,흰throated칼새입니다. 하늘을 빠르게 날며 날아다니는 곤충을 잡아먹습니다.,Jean,draft,176_White_Throated_Swift_VO_1.wav,1,White Throated Swift. The White Throated Swift is one of the fastest birds in North America.,75
177,Scaled Quail,scaled메추라기,scaled메추라기입니다. 주로 땅 위에서 생활하며 풀숲과 덤불 사이를 빠르게 오갑니다.,Jean,draft,177_Scaled_Quail_VO_1.wav,1,Scaled Quail. Quail chicks can get up and follow their parents as soon as they hatch.,75
178,Black Chinned Hummingbird,검은chinned벌새,검은chinned벌새입니다. 공중에 정지하듯 날며 꽃의 꿀을 빠는 작은 새입니다.,Jean,draft,178_Black_Chinned_Hummingbird_VO_1.wav,1,"Black Chinned Hummingbird. To display, males of this species will fly up to 30 meters then dive reaching speeds near 100 kilometers per hour.",75
179,Red Breasted Merganser,붉은가슴비오리,붉은가슴비오리입니다. 물가에서 생활하며 헤엄과 잠수를 활용해 먹이를 찾습니다.,Jean,draft,179_Red_Breasted_Merganser_VO_1.wav,1,"Red Breasted Merganser. A Red Breasted Merganser was recorded flying 160 kilometers an hour, the fastest of any duck.",75
180,Painted Whitestart,채색whitestart새,채색whitestart새입니다. 서식지에 맞게 독특한 먹이 활동과 행동을 보여 주는 새입니다.,Jean,draft,180_Painted_Whitestart_VO_1.wav,1,"Painted Whitestart. When they forage, white starts will flick their wings or tails to flush insects.",75
181,Eurasian Magpie,유라시아까치,유라시아까치입니다. 영리하고 적응력이 뛰어나며 다양한 먹이를 활용하는 새입니다.,Jean,draft,181_Eurasian_Magpie_VO_1.wav,1,"Eurasian Magpie. These birds are considered to have very high intelligence, similar to great apes.",75
182,Carrion Crow,carrion까마귀,carrion까마귀입니다. 영리하고 적응력이 뛰어나며 다양한 먹이를 활용하는 새입니다.,Jean,draft,182_Carrion_Crow_VO_1.wav,1,"Carrion Crow. In their range, Carrion Crows are the primary scavengers of small animal carcasses.",75
183,Griffon Vulture,griffon독수리,griffon독수리입니다. 날카로운 시야와 강한 날개로 하늘을 누비는 맹금류입니다.,Jean,draft,183_Griffon_Vulture_VO_1.wav,1,Griffon Vulture. These birds bald heads help them thermoregulate.,75
184,Coal Tit,coaltit새,coaltit새입니다. 서식지에 맞게 독특한 먹이 활동과 행동을 보여 주는 새입니다.,Jean,draft,184_Coal_Tit_VO_1.wav,1,Coal tit. Coal tits store sprue seeds and sometimes invertebrates for winter.,75
185,Eurasian Nuthatch,유라시아동고비,유라시아동고비입니다. 서식지에 맞게 독특한 먹이 활동과 행동을 보여 주는 새입니다.,Jean,draft,185_Eurasian_Nuthatch_VO_1.wav,1,Eurasian Nuthatch. These birds will often recycle old woodpecker holes as nesting sites.,75
186,Eurasian Nutcracker,유라시아잣까마귀,유라시아잣까마귀입니다. 영리하고 적응력이 뛰어나며 다양한 먹이를 활용하는 새입니다.,Jean,draft,186_Eurasian_Nutcracker_VO_1.wav,1,Eurasian Nutcracker. Nutcrackers have been observed traveling as far as 32 km to cash seeds.,75
187,Red Backed Shrike,붉은backed때까치,붉은backed때까치입니다. 서식지에 맞게 독특한 먹이 활동과 행동을 보여 주는 새입니다.,Jean,draft,187_Red_Backed_Shrike_VO_1.wav,1,Red Backed Shrike. These butcher birds use thorns and barbed wire as food storage.,75
188,Common Kingfisher,물총새,물총새입니다. 물가에서 기다리다가 빠르게 뛰어들어 물고기를 잡는 새입니다.,Jean,draft,188_Common_Kingfisher_VO_1.wav,1,Common Kingfisher. Kingfishers have a third eyelid that protects their eyes while hunting underwater.,75
189,Little Owl,금눈쇠올빼미,"금눈쇠올빼미입니다. 밤에 활동하는 맹금류로, 조용히 날아 먹이를 찾는 습성이 두드러집니다.",Jean,draft,189_Little_Owl_VO_1.wav,1,"Little Owl. This owl accompanied Athena, goddess of wisdom.",75
190,Eurasian Jay,어치,어치입니다. 영리하고 적응력이 뛰어나며 다양한 먹이를 활용하는 새입니다.,Jean,draft,190_Eurasian_Jay_VO_1.wav,1,Eurasian Jay. These birds plan for future needs by hoarding acorns for winter.,75
191,White Stork,황새,황새입니다. 습지와 얕은 물가에서 긴 다리와 부리를 활용해 먹이를 찾습니다.,Jean,draft,191_White_Stork_VO_1.wav,1,White Stork. Storks were symbols of life or family in multiple ancient cultures.,75
192,White Throated Dipper,흰throated물까마귀,흰throated물까마귀입니다. 서식지에 맞게 독특한 먹이 활동과 행동을 보여 주는 새입니다.,Jean,draft,192_White_Throated_Dipper_VO_1.wav,1,White Throated Dipper. The Dipper gets its name from the frequent bobbing motion it makes.,75
193,Black Throated Diver,검은throateddiver새,검은throateddiver새입니다. 서식지에 맞게 독특한 먹이 활동과 행동을 보여 주는 새입니다.,Jean,draft,193_Black_Throated_Diver_VO_1.wav,1,Black Throated Diver. This northern species breeds on deep freshwater lakes within a yard of the water's edge.,75
194,Wilsons Storm Petrel,윌슨storm페트럴새,윌슨storm페트럴새입니다. 서식지에 맞게 독특한 먹이 활동과 행동을 보여 주는 새입니다.,Jean,draft,194_Wilsons_Storm_Petrel_VO_1.wav,1,"Wilsons Storm Petrel. This is an abundant species, but most humans will never see one because they live mostly at sea.",75
195,Great Crested Grebe,뿔논병아리,뿔논병아리입니다. 서식지에 맞게 독특한 먹이 활동과 행동을 보여 주는 새입니다.,Jean,draft,195_Great_Crested_Grebe_VO_1.wav,1,Great Crested Grebe. Great Crested Grebe parents will choose their favorite chicks and rear them individually.,75
196,Common Little Bittern,일반작은해오라기,일반작은해오라기입니다. 습지와 얕은 물가에서 긴 다리와 부리를 활용해 먹이를 찾습니다.,Jean,draft,196_Common_Little_Bittern_VO_1.wav,1,"Common Little Bittern. At just 38 centimeters tall, this is one of the smallest herons.",75
197,Squacco Heron,squacco왜가리,squacco왜가리입니다. 습지와 얕은 물가에서 긴 다리와 부리를 활용해 먹이를 찾습니다.,Jean,draft,197_Squacco_Heron_VO_1.wav,1,"Squacco Heron. In mating displays, male Squacco Herons erect their long showy plume feathers.",75
198,Savis Warbler,savis워블러,savis워블러입니다. 작은 몸집과 뚜렷한 울음소리로 숲과 초원에서 존재감을 드러냅니다.,Jean,draft,198_Savis_Warbler_VO_1.wav,1,"Paolo Savi is called the father of Italian geology, but he was also an ornithologist.",60
199,Mute Swan,mute고니,mute고니입니다. 물가에서 생활하며 헤엄과 잠수를 활용해 먹이를 찾습니다.,Jean,draft,199_Mute_Swan_VO_1.wav,1,Mute Swan. The Mute Swan earned its name because it is less vocal than other species.,75
200,Grey Heron,왜가리,왜가리입니다. 습지와 얕은 물가에서 긴 다리와 부리를 활용해 먹이를 찾습니다.,Jean,draft,200_Grey_Heron_VO_1.wav,1,Grey Heron. These large herons have 19 vertebrae in their necks.,75
201,Common Cuckoo 281235Xc,일반뻐꾸기,일반뻐꾸기입니다. 서식지에 맞게 독특한 먹이 활동과 행동을 보여 주는 새입니다.,Jean,draft,201_Common_Cuckoo_VO_1.wav,1,Common Cuckoo. These brood parasites eggs can match host species eggs in color and pattern.,75
202,Dunnock,dunnock새,dunnock새입니다. 서식지에 맞게 독특한 먹이 활동과 행동을 보여 주는 새입니다.,Jean,draft,202_Dunnock_VO_1.wav,1,Dunnock. The chicks in a single nest of Dunnocks often have different fathers.,75
203,Black Redstart,검은딱새,검은딱새입니다. 서식지에 맞게 독특한 먹이 활동과 행동을 보여 주는 새입니다.,Jean,draft,203_Black_Redstart_VO_1.wav,1,"Black Redstart, native to mountains, this bird moved into bombed areas following World War II.",75
204,Lesser Whitethroat,작은whitethroat새,작은whitethroat새입니다. 서식지에 맞게 독특한 먹이 활동과 행동을 보여 주는 새입니다.,Jean,draft,204_Lesser_Whitethroat_VO_1.wav,1,Lesser Whitethroat. The genus name Silvia means Woodland sprite.,75
205,Common Goldeneye,일반흰죽지오리,일반흰죽지오리입니다. 물가에서 생활하며 헤엄과 잠수를 활용해 먹이를 찾습니다.,Jean,draft,205_Common_Goldeneye_VO_1.wav,1,Common Goldeneye. Golden eyes do not excavate nest holes. They look for natural cavities or old woodpecker nests.,75
206,Red Legged Partridge,붉은leggedpartridge새,붉은leggedpartridge새입니다. 주로 땅 위에서 생활하며 풀숲과 덤불 사이를 빠르게 오갑니다.,Jean,draft,206_Red_legged_Partridge_VO_1.wav,1,Red legged Partridge. Partridges nest on the ground. They don't generally roost in pear trees.,75
207,Theklas Lark,theklas종다리,theklas종다리입니다. 작은 몸집과 뚜렷한 울음소리로 숲과 초원에서 존재감을 드러냅니다.,Jean,draft,207_Theklas_Lark_VO_1.wav,1,Theklas Lark was named by German zoologist Alfred Brem after his sister.,75
208,European Roller,europeanroller새,europeanroller새입니다. 서식지에 맞게 독특한 먹이 활동과 행동을 보여 주는 새입니다.,Jean,draft,208_European_Roller_VO_1.wav,1,European Roller. European Roller chicks will vomit on themselves to deter nearby predators.,75
209,Eurasian Golden Oriole,유라시아금빛꾀꼬리,유라시아금빛꾀꼬리입니다. 작은 몸집과 뚜렷한 울음소리로 숲과 초원에서 존재감을 드러냅니다.,Jean,draft,209_Eurasian_Golden_Oriole_VO_1.wav,1,Eurasian Golden Oriole. This bird builds a cup-shaped nest suspended under a branch high in a tree.,75
210,Eurasian Tree Sparrow,유라시아tree참새,유라시아tree참새입니다. 작은 몸집과 뚜렷한 울음소리로 숲과 초원에서 존재감을 드러냅니다.,Jean,draft,210_Eurasian_Tree_Sparrowt_VO_1.wav,1,Eurasian Tree Sparrowt. A traditional Japanese dance was inspired by the fluttering of the tree sparrow.,75
211,European Honey Buzzard,europeanhoneybuzzard새,europeanhoneybuzzard새입니다. 서식지에 맞게 독특한 먹이 활동과 행동을 보여 주는 새입니다.,Jean,draft,211_European_Honey_Buzzard_VO_1.wav,1,European Honey Buzzard. This species possesses long toes and claws to rake and excavate wasp nests.,75
212,Great Tit,큰tit새,큰tit새입니다. 서식지에 맞게 독특한 먹이 활동과 행동을 보여 주는 새입니다.,Jean,draft,212_Great_Tit_VO_1.wav,1,Great Tit. Great tits have been known to use conifer needles as tools to pull insect larvae out of a tree.,75
213,Hawfinch,hawfinch새,hawfinch새입니다. 서식지에 맞게 독특한 먹이 활동과 행동을 보여 주는 새입니다.,Jean,draft,213_Hawfinch_VO_1.wav,1,Hawfinch. These birds can be difficult to see because they favor high branches.,75
214,Bullfinch,bullfinch새,bullfinch새입니다. 서식지에 맞게 독특한 먹이 활동과 행동을 보여 주는 새입니다.,Jean,draft,214_Bullfinch_VO_1.wav,1,Bullfinch. The Bullfinch feeds on the buds of fruit trees and is considered a pest in orchards.,75
215,Bluethroat,bluethroat새,bluethroat새입니다. 서식지에 맞게 독특한 먹이 활동과 행동을 보여 주는 새입니다.,Jean,draft,215_Bluethroat_VO_1.wav,1,Bluethroat. The species named Svekika comes from the male's colors matching the Swedish flag.,75
216,Common Nightingale,일반nightingale새,일반nightingale새입니다. 서식지에 맞게 독특한 먹이 활동과 행동을 보여 주는 새입니다.,Jean,draft,216_Common_Nightingale_VO_1.wav,1,Common Nightingale. Nightingale's song has been called one of the most beautiful sounds of nature.,75
217,European Robin,european로빈,european로빈입니다. 작은 몸집과 뚜렷한 울음소리로 숲과 초원에서 존재감을 드러냅니다.,Jean,draft,217_European_Robin_VO_1.wav,1,European Robin. Folklore says the good or bad fortune you bring to a Robin will come back to you.,75
218,White Backed Woodpecker,흰backed딱따구리,흰backed딱따구리입니다. 나무줄기를 타고 오르며 부리로 두드려 곤충이나 수액을 찾습니다.,Jean,draft,218_White_Backed_Woodpecker_VO_1.wav,1,White Backed Woodpecker. This bird likes large forests with many dead trees and will follow forest fires and insect infestations.,75
219,Black Woodpecker 286205Xc,검은딱따구리,검은딱따구리입니다. 나무줄기를 타고 오르며 부리로 두드려 곤충이나 수액을 찾습니다.,Jean,draft,219_Black_Woodpecker_VO_1.wav,1,Black Woodpecker. Tree holes made by this bird provide homes for other species.,75
220,Parrot Crossbill,앵무,앵무입니다. 강한 부리와 사회적인 행동이 특징인 지능적인 새입니다.,Jean,draft,220_Parrot_Crossbill_VO_2.wav,2,Parrot Crossbill. The Parrot Crossbill is one of only five bird species in the world with a crossed bill.,75
221,European Bee Eater,europeanbeeeater새,europeanbeeeater새입니다. 서식지에 맞게 독특한 먹이 활동과 행동을 보여 주는 새입니다.,Jean,draft,221_European_Bee_Eater_VO_1.wav,1,European Bee Eater. Honey bees make up approximately three-quarters of this bird's diet.,75
222,Black Headed Gull,검은머리갈매기,검은머리갈매기입니다. 바다와 호수 주변에서 생활하며 물고기와 작은 수생 동물을 노립니다.,Jean,draft,222_Black_Headed_Gull_VO_1.wav,1,Black Headed Gull. This species is an opportunistic feeder that will consume anything from scraps to fish.,75
223,Long Tailed Tit,longtailedtit새,longtailedtit새입니다. 서식지에 맞게 독특한 먹이 활동과 행동을 보여 주는 새입니다.,Jean,draft,223_Long_tailed_Tit_VO_1.wav,1,"Long tailed Tit. Long tailed Tit nests are an elaborate ball made from lichen, moss, and spider webs.",75
224,Common Blackbird,일반검은새,일반검은새입니다. 작은 몸집과 뚜렷한 울음소리로 숲과 초원에서 존재감을 드러냅니다.,Jean,draft,224_Common_Blackbird_VO_1.wav,1,Common Blackbird. This bird was made world famous by the Beatles.,75
225,Snowy Owl,흰올빼미,"흰올빼미입니다. 밤에 활동하는 맹금류로, 조용히 날아 먹이를 찾는 습성이 두드러집니다.",Jean,draft,225_Snowy_Owl_VO_1.wav,1,"Snowy Owl. These birds can eat 1,600 lemmings a year.",75
226,Red Knot,붉은knot새,붉은knot새입니다. 서식지에 맞게 독특한 먹이 활동과 행동을 보여 주는 새입니다.,Jean,draft,226_Red_Knot_VO_1.wav,1,Red knot. This bird has one of the longest migrations from the High Arctic to Chile and South Africa.,75
227,Black Tailed Godwit,검은tailed갓윗새,검은tailed갓윗새입니다. 해안과 습지 가장자리에서 긴 부리로 작은 먹이를 찾아냅니다.,Jean,draft,227_Black_Tailed_Godwit_VO_2.wav,2,Black Tailed Godwit. These birds are protected from hunting in much of Europe due to population declines.,75
228,Corsican Nuthatch Xv,corsican동고비,corsican동고비입니다. 서식지에 맞게 독특한 먹이 활동과 행동을 보여 주는 새입니다.,Jean,draft,228_Corsican_Nuthatch_VO_1.wav,1,Corsican Nuthatch. This vulnerable species is found only on the island of Corsica where it feeds on pine seeds.,75
229,European Turtle Dove,europeanturtle비둘기,europeanturtle비둘기입니다. 부드러운 울음소리와 씨앗을 먹는 습성이 잘 알려진 새입니다.,Jean,draft,229_European_Turtle_Dove_VO_1.wav,1,European Turtle Dove. Turtle doves are a symbol of love in the Song of Solomon and the 12 Days of Christmas.,75
230,Little Bustard,작은bustard새,작은bustard새입니다. 서식지에 맞게 독특한 먹이 활동과 행동을 보여 주는 새입니다.,Jean,draft,230_Little_Bustard_VO_2.wav,2,Little Bustard. Males have extensive mating displays involving foot stamping and aerial leaps.,75
231,Yellowhammer,yellowhammer새,yellowhammer새입니다. 서식지에 맞게 독특한 먹이 활동과 행동을 보여 주는 새입니다.,Jean,draft,231_Yellowhammer_VO_1.wav,1,Yellowhammer. The Yellowhammer song influenced works by Robert Burns and Beethoven.,75
232,White Wagtail,흰wagtail새,흰wagtail새입니다. 서식지에 맞게 독특한 먹이 활동과 행동을 보여 주는 새입니다.,Jean,draft,232_White_Wagtail_VO_2.wav,2,White Wagtail. The White Wagtail is the national bird of Latvia.,75
233,Moltonis Warbler,moltonis워블러,moltonis워블러입니다. 작은 몸집과 뚜렷한 울음소리로 숲과 초원에서 존재감을 드러냅니다.,Jean,draft,233_Moltonis_Warbler_VO_1.wav,1,Moltonis Warbler. Moltoni was a 20th century Italian ornithologist.,75
234,Goldcrest,goldcrest새,goldcrest새입니다. 서식지에 맞게 독특한 먹이 활동과 행동을 보여 주는 새입니다.,Jean,draft,234_Goldcrest_VO_1.wav,1,Goldcrest. Legends said these tiny birds would hitch a ride in the tail feathers of eagles or owls.,75
235,Common Moorhen 281025Xc,일반moorhen281025xc새,일반moorhen281025xc새입니다. 서식지에 맞게 독특한 먹이 활동과 행동을 보여 주는 새입니다.,Jean,draft,235_Common_Moorhen_VO_1.wav,1,"Common Moorhen. Moorhens may build nests floating in the water, on the ground, or in a bush.",75
236,Short Toed Treecreeper,shorttoedtreecreeper새,shorttoedtreecreeper새입니다. 서식지에 맞게 독특한 먹이 활동과 행동을 보여 주는 새입니다.,Jean,draft,236_Short_Toed_Treecreeper_VO_1.wav,1,Short Toed Treecreeper. This bird uses its long beak to feed on insects hidden in tree bar crevices.,75
237,Eleonoras Falcon,eleonoras매,eleonoras매입니다. 날카로운 시야와 강한 날개로 하늘을 누비는 맹금류입니다.,Jean,draft,237_eleonoras_Falcon_VO_1.wav,1,Eleonoras Falcon. Eleonora of Arborea was the first European ruler to outlaw hunting bird nests in 1392.,75
238,Northern Gannet,북부gannet새,북부gannet새입니다. 서식지에 맞게 독특한 먹이 활동과 행동을 보여 주는 새입니다.,Jean,draft,238_Northern_Gannet_VO_1.wav,1,"Northern Gannet. Northern Gannets are spectacular divers, piercing water at speeds up to 100 kilometers per hour.",75
239,Eurasian Sparrowhawk,유라시아sparrowhawk새,유라시아sparrowhawk새입니다. 서식지에 맞게 독특한 먹이 활동과 행동을 보여 주는 새입니다.,Jean,draft,239_Eurasian_Sparrowhawk_VO_1.wav,1,Eurasian Sparrowhawk. Sparrowhawk populations declined with the introduction of agricultural insecticides.,75
240,Northern Goshawk,북부goshawk새,북부goshawk새입니다. 서식지에 맞게 독특한 먹이 활동과 행동을 보여 주는 새입니다.,Jean,draft,240_Northern_Goshawk_VO_1.wav,1,"Northern Goshawk. In the Middle Ages, only nobles were allowed to use goshawks and falconry.",75
241,Eastern Imperial Eagle,동부imperial수리,동부imperial수리입니다. 날카로운 시야와 강한 날개로 하늘을 누비는 맹금류입니다.,Jean,draft,241_Eastern_Imperial_Eagle_VO_1.wav,1,"Eastern Imperial Eagle. This was the heraldic bird of several monarchies, but very few of them remain.",75
242,Bonellis Eagle,bonellis수리,bonellis수리입니다. 날카로운 시야와 강한 날개로 하늘을 누비는 맹금류입니다.,Jean,draft,242_Bonellis_Eagle_VO_1.wav,1,"Bonellis Eagle. These eagles will eat over 200 animal species, but rely heavily on rabbits, partridges and pigeons.",75
243,Montagus Harrier,montagus개구리매,montagus개구리매입니다. 날카로운 시야와 강한 날개로 하늘을 누비는 맹금류입니다.,Jean,draft,243_Montagus_Harrier_VO_1.wav,1,"During breeding season, this species will perform aerial dances that are unique to each bird.",60
244,Common Buzzard 619710Xc,일반buzzard619710xc새,일반buzzard619710xc새입니다. 서식지에 맞게 독특한 먹이 활동과 행동을 보여 주는 새입니다.,Jean,draft,244_Common_Buzzard_VO_1.wav,1,"Common Buzzard. Male buzzards make a spectacular breeding display, flying high, then spiraling down over and over.",75
245,Red Kite,붉은솔개,붉은솔개입니다. 날카로운 시야와 강한 날개로 하늘을 누비는 맹금류입니다.,Jean,draft,245_Red_Kite_VO_1.wav,1,"When threatened, Red Kite mothers will signal for their young to play dead.",75
246,Eurasian Hobby,유라시아hobby새,유라시아hobby새입니다. 서식지에 맞게 독특한 먹이 활동과 행동을 보여 주는 새입니다.,Jean,draft,246_Eurasian_Hobby_VO_1.wav,1,Eurasian Hobby. This falcon catches insects and birds in flight.,75
247,European Goldfinch,europeangoldfinch새,europeangoldfinch새입니다. 서식지에 맞게 독특한 먹이 활동과 행동을 보여 주는 새입니다.,Jean,draft,247_European_Goldfinch_VO_1.wav,1,European Goldfinch. This goldfinch is depicted in hundreds of Italian Renaissance paintings.,75
248,Snow Bunting,snow멧새,snow멧새입니다. 작은 몸집과 뚜렷한 울음소리로 숲과 초원에서 존재감을 드러냅니다.,Jean,draft,248_Snow_Bunting_VO_1.wav,1,Snow Bunting. Male snow buntings fly north early to find suitable nesting sites in the harsh Arctic climate.,75
249,Hooded Crow,두건까마귀,두건까마귀입니다. 영리하고 적응력이 뛰어나며 다양한 먹이를 활용하는 새입니다.,Jean,draft,249_Hooded_Crow_VO_1.wav,1,Hooded Crow. The Hooded Crow is associated with fairies and Celtic folklore.,75
250,Eurasian Collared Dove,유라시아collared비둘기,유라시아collared비둘기입니다. 부드러운 울음소리와 씨앗을 먹는 습성이 잘 알려진 새입니다.,Jean,draft,250_Eurasian_Collared_Dove_VO_1.wav,1,"Eurasian Collared Dove. In Greek myth, this mournful sounding bird was once a servant who complained about her wages.",75
251,Common Starling,일반찌르레기,일반찌르레기입니다. 작은 몸집과 뚜렷한 울음소리로 숲과 초원에서 존재감을 드러냅니다.,Jean,draft,251_Common_Starling_VO_1.wav,1,Common Starling. Large flocks of starlings move in unison. The flock is called a murmuration.,75
252,Common Swift 491117Xc,일반칼새,일반칼새입니다. 하늘을 빠르게 날며 날아다니는 곤충을 잡아먹습니다.,Jean,draft,252_Common_Swift_VO_1.wav,1,"Common Swift. Swifts stay in the air for months between breeding. The name Apis means incorrectly, no feet.",75
253,House Sparrow,집참새,집참새입니다. 작은 몸집과 뚜렷한 울음소리로 숲과 초원에서 존재감을 드러냅니다.,Jean,draft,253_House_Sparrow_VO_1.wav,1,House Sparrow. This bird diverged genetically around the time agriculture developed.,75
254,Ruff,ruff새,ruff새입니다. 서식지에 맞게 독특한 먹이 활동과 행동을 보여 주는 새입니다.,Jean,draft,254_Ruff_VO_1.wav,1,"Ruff. During breeding season, male ruffs grow showy colors that can be black, white, or brown.",75
255,Greater Flamingo,큰flamingo새,큰flamingo새입니다. 서식지에 맞게 독특한 먹이 활동과 행동을 보여 주는 새입니다.,Jean,draft,255_Greater_Flamingo_VO_1.wav,1,Greater Flamingo. A Greater Flamingo at the Adelaide Zoo in Australia lived to be at least 83 years old.,75
256,Audouins Gull,audouins갈매기,audouins갈매기입니다. 바다와 호수 주변에서 생활하며 물고기와 작은 수생 동물을 노립니다.,Jean,draft,256_Audouins_Gull_VO_1.wav,1,"Audouins Gull. The population of Audouins Gulls is recovering nicely from a low of about 1,000 pairs in the 1960s.",75
257,Common Chaffinch,일반chaffinch새,일반chaffinch새입니다. 서식지에 맞게 독특한 먹이 활동과 행동을 보여 주는 새입니다.,Jean,draft,257_Common_Chaffinch_VO_2.wav,2,Common Chaffinch. All male Chaffinch flocks are common in winter. They're nicknamed bachelor birds.,75
258,Common Chiffchaff,일반chiffchaff새,일반chiffchaff새입니다. 서식지에 맞게 독특한 먹이 활동과 행동을 보여 주는 새입니다.,Jean,draft,258_Common_Chiffchaff_VO_1.wav,1,Common Chiffchaff. The Chiffchaff's name comes from its song said to announce the arrival of spring.,75
259,Greylag Goose,greylag기러기,greylag기러기입니다. 물가에서 생활하며 헤엄과 잠수를 활용해 먹이를 찾습니다.,Jean,draft,259_Greylag_Goose_VO_1.wav,1,"Greylag Goose. The Greylag Goose was once linked to divine figures such as Ra, Aphrodite, and Ishtar.",75
260,Cettis Warbler,cettis워블러,cettis워블러입니다. 작은 몸집과 뚜렷한 울음소리로 숲과 초원에서 존재감을 드러냅니다.,Jean,draft,260_Cettis_Warbler_VO_1.wav,1,"These birds often hide in deep brush, but reveal themselves with a loud song.",60
261,Eurasian Green Woodpecker,유라시아초록딱따구리,유라시아초록딱따구리입니다. 나무줄기를 타고 오르며 부리로 두드려 곤충이나 수액을 찾습니다.,Jean,draft,261_Eurasian_Green_Woodpecker_VO_1.wav,1,"Eurasian Green Woodpecker. Unlike other woodpeckers, this bird feeds mainly on the ground.",75
262,Abbotts Booby,abbotts부비,abbotts부비입니다. 바다와 호수 주변에서 생활하며 물고기와 작은 수생 동물을 노립니다.,Jean,draft,262_Abbotts_Booby_VO_1.wav,1,Abbotts Booby. This large endangered seabird lives only on Christmas Island.,75
263,Australasian Pipit Xc537877 1 Call 1,australasian밭종다리,australasian밭종다리입니다. 작은 몸집과 뚜렷한 울음소리로 숲과 초원에서 존재감을 드러냅니다.,Jean,draft,263_Australasian_Pipit_VO_1.wav,1,Australasian pipit. This grassland bird also thrives in human-made grasslands like gardens and playing fields.,75
264,Australasian Shoveler,australasian넓적부리,australasian넓적부리입니다. 물가에서 생활하며 헤엄과 잠수를 활용해 먹이를 찾습니다.,Jean,draft,264_Australasian_Shoveler_VO_1.wav,1,"Australasian Shoveler. This bird's maurie name, Kuruwangi, means snuffle.",75
265,Australian Ibis,australian따오기,australian따오기입니다. 습지와 얕은 물가에서 긴 다리와 부리를 활용해 먹이를 찾습니다.,Jean,draft,265_Australian_Ibis_VO_1.wav,1,"Australian Ibis. In urban areas, this bird is nicknamed bin chicken for its habit of eating trash.",75
266,Australian Magpie,australian까치,australian까치입니다. 영리하고 적응력이 뛰어나며 다양한 먹이를 활용하는 새입니다.,Jean,draft,266_Australian_Magpie_VO_1.wav,1,Australian Magpie. These territorial birds will swoop at humans who get too close to their nests.,75
267,Australian Owlet Nightjar,australian올빼미,australian올빼미입니다. 서식지에 맞게 독특한 먹이 활동과 행동을 보여 주는 새입니다.,Jean,draft,267_Australian_Owlet_Nightjar_VO_1.wav,1,"Australian Owlet Nightjar. This small nocturnal bird is also known as the moth owl, but it is not an owl.",75
268,Australian Raven,australian큰까마귀,australian큰까마귀입니다. 영리하고 적응력이 뛰어나며 다양한 먹이를 활용하는 새입니다.,Jean,draft,268_Australian_Raven_VO_1.wav,1,Australian Raven. Ravens will cash extra food under debris in grass tussocks or in the soil.,75
269,Australian Reed Warbler,australianreed워블러,australianreed워블러입니다. 작은 몸집과 뚜렷한 울음소리로 숲과 초원에서 존재감을 드러냅니다.,Jean,draft,269_Australian_Reed_Warbler_VO_1.wav,1,Australian Reed Warbler. These birds like to perch on dense vertical wetland vegetation like reeds and rushes.,75
270,Australian Shelduck,australian혹부리오리,australian혹부리오리입니다. 서식지에 맞게 독특한 먹이 활동과 행동을 보여 주는 새입니다.,Jean,draft,270_Australian_Shelduck_VO_1.wav,1,"Australian Shelduck. These birds nest in tree cavities, holes in banks, or similar locations.",75
271,Australian Zebra Finch,australianzebra되새,australianzebra되새입니다. 작은 몸집과 뚜렷한 울음소리로 숲과 초원에서 존재감을 드러냅니다.,Jean,draft,271_Australian_Zebra_Finch_VO_1.wav,1,"Australian Zebra Finch. Zebra finches will nest in colonies of as many as 50, building round nests with a side entrance.",75
272,Black Noddy,검은noddy새,검은noddy새입니다. 서식지에 맞게 독특한 먹이 활동과 행동을 보여 주는 새입니다.,Jean,draft,272_Black_Noddy_VO_1.wav,1,"Black Noddy. A large shoal of fish may attract a flock of 5,000 or more notties.",75
273,Black Swan,검은고니,검은고니입니다. 물가에서 생활하며 헤엄과 잠수를 활용해 먹이를 찾습니다.,Jean,draft,273_Black_Swan_VO_1.wav,1,Black Swan. These birds were introduced to New Zealand from Australia in the 1860s.,75
274,Black Shouldered Kite,검은shouldered솔개,검은shouldered솔개입니다. 날카로운 시야와 강한 날개로 하늘을 누비는 맹금류입니다.,Jean,draft,274_Black_Shouldered_Kite_VO_1.wav,1,"Black Shouldered Kite. In their mating display, a female kite will grab food from a male's talons while flipping upside down.",75
275,Blyths Hornbill,blyths코뿔새,blyths코뿔새입니다. 서식지에 맞게 독특한 먹이 활동과 행동을 보여 주는 새입니다.,Jean,draft,275_Blyths_Hornbill_VO_1.wav,1,Blyths Hornbill. Hornbills will occupy a cockatoo nest and kick out the cockatoos.,75
276,Brolga,brolga새,brolga새입니다. 서식지에 맞게 독특한 먹이 활동과 행동을 보여 주는 새입니다.,Jean,draft,276_Brolga_VO_1.wav,1,Brolga. Brolgas are famous for their elaborate mating dances.,75
277,Brown Falcon,갈색매,갈색매입니다. 날카로운 시야와 강한 날개로 하늘을 누비는 맹금류입니다.,Jean,draft,277_Brown_Falcon_VO_1.wav,1,Brown Falcon. Brown Falcons have a powerful notched bill designed to kill prey with a bite to the spine.,75
278,Budgerigar,budgerigar새,budgerigar새입니다. 서식지에 맞게 독특한 먹이 활동과 행동을 보여 주는 새입니다.,Jean,draft,278_Budgerigar_VO_1.wav,1,Budgerigar. Budgies learn specific group calls that help them find their group within vast flocks.,75
279,Cockatiel,cockatiel새,cockatiel새입니다. 서식지에 맞게 독특한 먹이 활동과 행동을 보여 주는 새입니다.,Jean,draft,279_Cockatiel_VO_1.wav,1,Cockatiel. Australia banned the export of cockatiels and other birds in 1894 because of poaching for the pet trade.,75
280,Count Raggis Bird Of Paradise,countraggisbirdofparadise새,countraggisbirdofparadise새입니다. 서식지에 맞게 독특한 먹이 활동과 행동을 보여 주는 새입니다.,Jean,draft,280_Count_Raggis_Bird_of_Paradise_VO_1.wav,1,Count Raggis Bird of Paradise. A bird of paradise is featured on the flag of Papua New Guinea.,75
281,Crested Pigeon,볏비둘기,볏비둘기입니다. 부드러운 울음소리와 씨앗을 먹는 습성이 잘 알려진 새입니다.,Jean,draft,281_Crested_Pigeon_VO_1.wav,1,"Crested Pigeon. Taking advantage of grain farming, this gregarious pigeon has greatly expanded its range in Australia.",75
282,Crimson Chat,crimson챗,crimson챗입니다. 작은 몸집과 뚜렷한 울음소리로 숲과 초원에서 존재감을 드러냅니다.,Jean,draft,282_Crimson_Chat_VO_1.wav,1,Crimson Chat. These birds may track rains and small flocks to find areas where food is more abundant.,75
283,Eastern Rosella,동부rosella새,동부rosella새입니다. 서식지에 맞게 독특한 먹이 활동과 행동을 보여 주는 새입니다.,Jean,draft,283_Eastern_Rosella_VO_1.wav,1,Eastern Rosella. This technicolor parrot is native to Australia and Tasmania. It has been introduced to New Zealand.,75
284,Eastern Whipbird,동부whipbird새,동부whipbird새입니다. 서식지에 맞게 독특한 먹이 활동과 행동을 보여 주는 새입니다.,Jean,draft,284_Eastern_Whipbird_VO_1.wav,1,Eastern Whipbird. This secretive bird's call is a long note followed by a whipcrack-like noise.,75
285,Emu,emu새,emu새입니다. 서식지에 맞게 독특한 먹이 활동과 행동을 보여 주는 새입니다.,Jean,draft,285_Emu_VO_1.wav,1,Emu. Some indigenous culture see an emu in the clouds of the Milky Way. It emerges at nesting time.,75
286,Galah,galah새,galah새입니다. 서식지에 맞게 독특한 먹이 활동과 행동을 보여 주는 새입니다.,Jean,draft,286_Galah_VO_1.wav,1,"Galah. A noisy idiot might be called a gala after these gregarious, playful birds.",75
287,Golden Headed Cisticola,금빛머리cisticola새,금빛머리cisticola새입니다. 서식지에 맞게 독특한 먹이 활동과 행동을 보여 주는 새입니다.,Jean,draft,287_Golden_Headed_Cisticola_VO_1.wav,1,Golden Headed Cisticola. The Cisticola constructs well-camouflaged nests out of leaves and spider silk.,75
288,Goulds Finch,goulds되새,goulds되새입니다. 작은 몸집과 뚜렷한 울음소리로 숲과 초원에서 존재감을 드러냅니다.,Jean,draft,288_Goulds_Finch_VO_1.wav,1,"Goulds Finch, also known as Gouldian Finches, these birds are bred as pets but are rare in the wild.",75
289,Green Pygmy Goose,초록꼬마기러기,초록꼬마기러기입니다. 물가에서 생활하며 헤엄과 잠수를 활용해 먹이를 찾습니다.,Jean,draft,289_Green_Pygmy_Goose_VO_1.wav,1,"Green Pygmy Goose. This bird's scientific name, Pulcellus, is derived from the Latin word for pretty.",75
290,Grey Butcherbird,greybutcherbird새,greybutcherbird새입니다. 서식지에 맞게 독특한 먹이 활동과 행동을 보여 주는 새입니다.,Jean,draft,290_Grey_Butcherbird_VO_1.wav,1,"Grey Butcherbird. If prey is too large to eat whole, the Butcherbird will store it and tear it into pieces.",75
291,Grey Shrikethrush,greyshrikethrush새,greyshrikethrush새입니다. 서식지에 맞게 독특한 먹이 활동과 행동을 보여 주는 새입니다.,Jean,draft,291_Grey_Shrikethrush_VO_1.wav,1,"Grey Shrikethrush. This bird is neither a shrike nor a thrush, but it is a predatory bird with a beautiful song.",75
292,Grey Teal,grey쇠오리,grey쇠오리입니다. 물가에서 생활하며 헤엄과 잠수를 활용해 먹이를 찾습니다.,Jean,draft,292_Grey_Teal_VO_1.wav,1,Grey Teal. During drought these birds may travel great distances to find water.,75
293,Grey Warbler,grey워블러,grey워블러입니다. 작은 몸집과 뚜렷한 울음소리로 숲과 초원에서 존재감을 드러냅니다.,Jean,draft,293_Grey_Warbler_VO_1.wav,1,Grey Warbler. Grey Warblers build a pear-shaped nest with a side entrance near the top.,75
294,Grey Headed Mannikin,grey머리mannikin새,grey머리mannikin새입니다. 서식지에 맞게 독특한 먹이 활동과 행동을 보여 주는 새입니다.,Jean,draft,294_Grey_Headed_Mannikin_VO_1.wav,1,Grey Headed Mannikin. These birds use grass to build ball-shaped nests high in trees.,75
295,Horsfields Bronze Cuckoo,horsfieldsbronze뻐꾸기,horsfieldsbronze뻐꾸기입니다. 서식지에 맞게 독특한 먹이 활동과 행동을 보여 주는 새입니다.,Jean,draft,295_Horsfields_Bronze_Cuckoo_VO_1.wav,1,Horsfields Bronze Cuckoo. This cuckoo mainly lays eggs in fairy-ren nests but it will also parasitize other small birds.,75
296,Horsfields Bushlark,horsfieldsbushlark새,horsfieldsbushlark새입니다. 서식지에 맞게 독특한 먹이 활동과 행동을 보여 주는 새입니다.,Jean,draft,296_Horsfields_Bushlark_VO_1.wav,1,"Horsfields Bushlark. There are 90 species of larks in the world, but this is the only one native to Australia.",75
297,Kakapo,kakapo새,kakapo새입니다. 서식지에 맞게 독특한 먹이 활동과 행동을 보여 주는 새입니다.,Jean,draft,297_Kakapo_VO_1.wav,1,Kakapo. This flightless nocturnal parrot is endangered. It only reproduces every three years or so.,75
298,Kea,kea새,kea새입니다. 서식지에 맞게 독특한 먹이 활동과 행동을 보여 주는 새입니다.,Jean,draft,298_Kea_VO_1.wav,1,Kea. These endangered parrots have been observed making and using tools.,75
299,Kelp Gull,kelp갈매기,kelp갈매기입니다. 바다와 호수 주변에서 생활하며 물고기와 작은 수생 동물을 노립니다.,Jean,draft,299_Kelp_Gull_VO_1.wav,1,Kelp Gull. This southern gull's Latin name refers to Dominican monks who wear black and white robes.,75
300,Kereru,kereru새,kereru새입니다. 서식지에 맞게 독특한 먹이 활동과 행동을 보여 주는 새입니다.,Jean,draft,300_Kereru_VO_1.wav,1,"Kereru, this large fruit-eating pigeon also eats flowers and leaves.",75
301,Korimako,korimako새,korimako새입니다. 서식지에 맞게 독특한 먹이 활동과 행동을 보여 주는 새입니다.,Jean,draft,301_Korimako_VO_01.wav,01,"Korimako, also known as bellbirds, these are one of many species that benefit from control of invasive rats.",75
302,Laughing Kookaburra,laughingkookaburra새,laughingkookaburra새입니다. 서식지에 맞게 독특한 먹이 활동과 행동을 보여 주는 새입니다.,Jean,draft,302_Laughing_Kookaburra_VO_1.wav,1,"Laughing Kookaburra. The name for this large kingfisher comes from Gugubara in We're a Jury, an Aboriginal language.",75
303,Lesser Frigatebird,작은frigatebird새,작은frigatebird새입니다. 바다와 호수 주변에서 생활하며 물고기와 작은 수생 동물을 노립니다.,Jean,draft,303_Lesser_Frigatebird_VO_1.wav,1,"Lesser Frigatebird. Frigatebirds love to eat fish and squid, but they also eat seabird eggs.",75
304,Lewins Honeyeater,lewinshoneyeater새,lewinshoneyeater새입니다. 서식지에 맞게 독특한 먹이 활동과 행동을 보여 주는 새입니다.,Jean,draft,304_Lewins_Honeyeater_VO_1.wav,1,Lewin's Honeyeater. Artist John Lewin came to New South Wales in 1800 to record the birds and insects there.,60
305,Little Penguin,작은penguin새,작은penguin새입니다. 서식지에 맞게 독특한 먹이 활동과 행동을 보여 주는 새입니다.,Jean,draft,305_Little_Penguin_VO_1.wav,1,"Little Penguin. These penguins dive to catch fish, sometimes as deep as 50 meters.",75
306,Little Pied Cormorant,작은pied가마우지,작은pied가마우지입니다. 바다와 호수 주변에서 생활하며 물고기와 작은 수생 동물을 노립니다.,Jean,draft,306_Little_Pied_Cormorant_VO_1.wav,1,"Little Pied Cormorant. This common diving bird is also called the little shag, or its Maori name, Kawapaka.",75
307,Magpie Lark,까치종다리,까치종다리입니다. 영리하고 적응력이 뛰어나며 다양한 먹이를 활용하는 새입니다.,Jean,draft,307_Magpie_Lark_VO_1.wav,1,Magpie Lark. Expanding agriculture has helped the Magpie Lark even as it has harmed forest-dwelling animals.,75
308,Major Mitchells Cockatoo,majormitchellscockatoo새,majormitchellscockatoo새입니다. 강한 부리와 사회적인 행동이 특징인 지능적인 새입니다.,Jean,draft,308_Major_Mitchells_Cockatoo_VO_1.wav,1,"Major Mitchells Cockatoo. These cockatoos can form large nomadic flocks, but often forage in small groups.",75
309,Malleefowl,malleefowl새,malleefowl새입니다. 서식지에 맞게 독특한 먹이 활동과 행동을 보여 주는 새입니다.,Jean,draft,309_Malleefowl_VO_1.wav,1,"Malleefowl. A Malleefowl mound nest holds the record for largest ground nest, weighing 299 metric tons.",75
310,Maned Duck,maned오리,maned오리입니다. 물가에서 생활하며 헤엄과 잠수를 활용해 먹이를 찾습니다.,Jean,draft,310_Maned_Duckl_VO_1.wav,1,"Maned Duck. In autumn, flocks of maned ducks may spend over half the day eating to build up their fat reserves.",60
311,Many Colored Fruit Dove,manycoloredfruit비둘기,manycoloredfruit비둘기입니다. 부드러운 울음소리와 씨앗을 먹는 습성이 잘 알려진 새입니다.,Jean,draft,311_Many_Colored_Fruit_Dove_VO_1.wav,1,Many Colored Fruit Dove. This dove depends on two species of fig trees for most of its diet.,75
312,Masked Lapwing,masked댕기물떼새,masked댕기물떼새입니다. 서식지에 맞게 독특한 먹이 활동과 행동을 보여 주는 새입니다.,Jean,draft,312_Masked_Lapwing_VO_1.wav,1,Masked Lapwing. These birds defend their nests with loud calls and swooping attacks using the spurs on their wings.,75
313,Mistletoebird,mistletoebird새,mistletoebird새입니다. 서식지에 맞게 독특한 먹이 활동과 행동을 보여 주는 새입니다.,Jean,draft,313_Mistletoebird_VO_1.wav,1,Mistletoebird. Mistletoe fruits make up about 85% of this bird's diet.,75
314,Musk Duck,musk오리,musk오리입니다. 물가에서 생활하며 헤엄과 잠수를 활용해 먹이를 찾습니다.,Jean,draft,314_Musk_Duck_VO_1.wav,1,"Musk Duck. This duck's musky odor comes from a gland on its rump, not the hanging lobe of skin under its bill.",75
315,New Holland Honeyeater,newhollandhoneyeater새,newhollandhoneyeater새입니다. 서식지에 맞게 독특한 먹이 활동과 행동을 보여 주는 새입니다.,Jean,draft,315_New_Holland_Honeyeater_VO_1.wav,1,New Holland Honeyeater. Honeyeaters are important pollinators of several plant species.,75
316,Noisy Miner,noisyminer새,noisyminer새입니다. 서식지에 맞게 독특한 먹이 활동과 행동을 보여 주는 새입니다.,Jean,draft,316_Noisy_Miner_VO_1.wav,1,Noisy Miner. These birds are cooperative breeders with as many as 22 males attending a nest.,75
317,North Island Brown Kiwi,northisland갈색kiwi새,northisland갈색kiwi새입니다. 서식지에 맞게 독특한 먹이 활동과 행동을 보여 주는 새입니다.,Jean,draft,317_North_Island_Brown_Kiwi_VO_1.wav,1,North Island Brown Kiwi. The Brown Kiwi's egg grows to take up 20% of the mother's body mass before being laid.,75
318,Orange Footed Scrubfowl,주황footedscrubfowl새,주황footedscrubfowl새입니다. 서식지에 맞게 독특한 먹이 활동과 행동을 보여 주는 새입니다.,Jean,draft,318_Orange_Footed_Scrubfowl_VO_1.wav,1,Orange Footed Scrubfowl. The mound nests of scrubfowl may be as tall as 4.5 meters.,75
319,Pacific Black Duck,pacific검은오리,pacific검은오리입니다. 물가에서 생활하며 헤엄과 잠수를 활용해 먹이를 찾습니다.,Jean,draft,319_Pacific_Black_Duckl_VO_1.wav,1,Pacific Black Duck. Competition with non-native mallards has severely reduced the species numbers in New Zealand.,60
320,Peaceful Dove,peaceful비둘기,peaceful비둘기입니다. 부드러운 울음소리와 씨앗을 먹는 습성이 잘 알려진 새입니다.,Jean,draft,320_Peaceful_Dove_VO_1.wav,1,Peaceful Dove. This bird is sometimes called the doodle-doo because of its distinctive song.,75
321,Pesquets Parrot,pesquets앵무,pesquets앵무입니다. 강한 부리와 사회적인 행동이 특징인 지능적인 새입니다.,Jean,draft,321_Pesquets_Parrot_VO_1.wav,1,Pesquets parrot. This bird went viral on the internet as the Dracula parrot.,75
322,Pheasant Coucal,꿩,꿩입니다. 주로 땅 위에서 생활하며 풀숲과 덤불 사이를 빠르게 오갑니다.,Jean,draft,322_Pheasant_Coucal_VO_1.wav,1,"Pheasant Cuckoo. Unlike most other cuckoos, the Pheasant Cuckoo is not a nest parasite.",60
323,Pink Eared Duck,pinkeared오리,pinkeared오리입니다. 물가에서 생활하며 헤엄과 잠수를 활용해 먹이를 찾습니다.,Jean,draft,323_Pink_Eared_Duck_VO_1.wav,1,Pink Eared Duck. These ducks sometimes spin around in pairs to concentrate food in a vortex.,75
324,Plains Wanderer,plainswanderer새,plainswanderer새입니다. 서식지에 맞게 독특한 먹이 활동과 행동을 보여 주는 새입니다.,Jean,draft,324_Plains_Wanderer_VO_1.wav,1,Plains Wanderer. This critically endangered bird is the only species in the family Pedionomidae.,75
325,Princess Stephanies Astrapia,princessstephaniesastrapia새,princessstephaniesastrapia새입니다. 서식지에 맞게 독특한 먹이 활동과 행동을 보여 주는 새입니다.,Jean,draft,325_Princess_Stephanies_Astrapia_VO_1.wav,1,Princess Stephanies Astrapia. This bird was named in honor of Princess Stephanie of Belgium in 1884.,75
326,Pukeko,pukeko새,pukeko새입니다. 서식지에 맞게 독특한 먹이 활동과 행동을 보여 주는 새입니다.,Jean,draft,326_Pukeko_VO_1.wav,1,"Pukeko. These birds, also known as swamp hens, may form social groups that share nests and chick raising duties.",75
327,Rainbow Lorikeet,rainbowlorikeet새,rainbowlorikeet새입니다. 서식지에 맞게 독특한 먹이 활동과 행동을 보여 주는 새입니다.,Jean,draft,327_Rainbow_Lorikeet_VO_1.wav,1,Rainbow Lorikeet. Some wild lorikeets are so accustomed to humans they can be hand fed.,75
328,Red Wattlebird,붉은wattlebird새,붉은wattlebird새입니다. 서식지에 맞게 독특한 먹이 활동과 행동을 보여 주는 새입니다.,Jean,draft,328_Red_Wattlebird_VO_1.wav,1,Red Wattlebird. These noisy aggressive birds will drive off smaller birds from a good nectar source.,75
329,Red Backed Fairywren,붉은backedfairywren새,붉은backedfairywren새입니다. 서식지에 맞게 독특한 먹이 활동과 행동을 보여 주는 새입니다.,Jean,draft,329_Red_Backed_Fairywren_VO_1.wav,1,Red Backed Fairywren. These birds have been used to study the role that testosterone plays in breeding plumage.,75
330,Red Capped Robin,붉은capped로빈,붉은capped로빈입니다. 작은 몸집과 뚜렷한 울음소리로 숲과 초원에서 존재감을 드러냅니다.,Jean,draft,330_Red_Capped_Robin_VO_1.wav,1,These robins get their red pigment from food. Red plumage shows that they are healthy and well fed.,60
331,Red Necked Avocet,붉은necked장다리물떼새,붉은necked장다리물떼새입니다. 해안과 습지 가장자리에서 긴 부리로 작은 먹이를 찾아냅니다.,Jean,draft,331_Red_Necked_Avocet_VO_1.wav,1,"Red Necked Avocet. As Avocets sweep their bills from side to side through water, they snap up small invertebrates for food.",75
332,Red Winged Parrot,붉은날개앵무,붉은날개앵무입니다. 강한 부리와 사회적인 행동이 특징인 지능적인 새입니다.,Jean,draft,332_Red_Winged_Parrot_VO_1.wav,1,Red Winged Parrot. The male of this species has a blue back that he reveals in his mating display.,75
333,Regent Bowerbird,regentbowerbird새,regentbowerbird새입니다. 서식지에 맞게 독특한 먹이 활동과 행동을 보여 주는 새입니다.,Jean,draft,333_Regent_Bowerbird_VO_1.wav,1,"Bowerbirds decorate their bowers with items like paint, shells, and buttons to attract a mate.",60
334,Royal Spoonbill,royal저어새,royal저어새입니다. 서식지에 맞게 독특한 먹이 활동과 행동을 보여 주는 새입니다.,Jean,draft,334_Royal_Spoonbill_VO_1.wav,1,"Royal Spoonbill. Spoonbills nest in colonies, often alongside many other waterbirds.",75
335,Rufous Night Heron,적갈색night왜가리,적갈색night왜가리입니다. 습지와 얕은 물가에서 긴 다리와 부리를 활용해 먹이를 찾습니다.,Jean,draft,335_Rufous_Night_Heron_VO_1.wav,1,"Rufous Night Heron. In addition to invertebrates and fish, night herons eat eggs and chicks of other wetland birds.",75
336,Rufous Owl,적갈색올빼미,"적갈색올빼미입니다. 밤에 활동하는 맹금류로, 조용히 날아 먹이를 찾는 습성이 두드러집니다.",Jean,draft,336_Rufous_Owl_VO_1.wav,1,"Rufous Owl. This large owl will eat prey as large as possums, scrubfowl, and parrots.",75
337,Rufous Banded Honeyeater,적갈색bandedhoneyeater새,적갈색bandedhoneyeater새입니다. 서식지에 맞게 독특한 먹이 활동과 행동을 보여 주는 새입니다.,Jean,draft,337_Rufous_Banded_Honeyeater_VO_1.wav,1,Rufous Banded Honeyeater. Honeyeaters have a brush-tipped tongue that they use to gather nectar from flowers.,75
338,Sacred Kingfisher,sacred물총새,sacred물총새입니다. 물가에서 기다리다가 빠르게 뛰어들어 물고기를 잡는 새입니다.,Jean,draft,338_Sacred_Kingfisher_VO_1.wav,1,"Sacred Kingfisher. Despite this bird's name, fish make up a small portion of its diet.",75
339,Silvereye,silvereye새,silvereye새입니다. 서식지에 맞게 독특한 먹이 활동과 행동을 보여 주는 새입니다.,Jean,draft,339_Silvereye_VO_1.wav,1,Silvereye. This bird's name comes from the ring of white feathers around its eye.,75
340,South Island Robin,southisland로빈,southisland로빈입니다. 작은 몸집과 뚜렷한 울음소리로 숲과 초원에서 존재감을 드러냅니다.,Jean,draft,340_South_Island_Robin_VO_1.wav,1,"South Island Robin. These robins search for insects on the ground, then cash extras on branches and in crevices.",75
341,Southern Cassowary,southerncassowary새,southerncassowary새입니다. 서식지에 맞게 독특한 먹이 활동과 행동을 보여 주는 새입니다.,Jean,draft,341_Southern_Cassowary_VO_1.wav,1,Southern Cassowary. These aggressive birds are important for dispersing the seeds of large fruits in the rainforest.,75
342,Spangled Drongo,spangled바람까마귀,spangled바람까마귀입니다. 서식지에 맞게 독특한 먹이 활동과 행동을 보여 주는 새입니다.,Jean,draft,342_Spangled_Drongo_VO_1.wav,1,Spangled Drongo. This bird makes its own distinctive calls but also mimics other bird species.,75
343,Splendid Fairywren,splendidfairywren새,splendidfairywren새입니다. 서식지에 맞게 독특한 먹이 활동과 행동을 보여 주는 새입니다.,Jean,draft,343_Splendid_Fairywren_VO_1.wav,1,"Splendid Fairywren. These birds make dome-shaped nests with a side opening, often in a low bush.",75
344,Spotless Crake,spotlesscrake새,spotlesscrake새입니다. 서식지에 맞게 독특한 먹이 활동과 행동을 보여 주는 새입니다.,Jean,draft,344_Spotless_Crake_VO_1.wav,1,Spotless Crake. The Crake's eyes turn bright red as it matures.,75
345,Stubble Quail,stubble메추라기,stubble메추라기입니다. 주로 땅 위에서 생활하며 풀숲과 덤불 사이를 빠르게 오갑니다.,Jean,draft,345_Stubble_Quail_VO_1.wav,1,Stubble Quail. This common quail's kidneys are adapted to need very little water.,75
346,Sulphur Crested Cockatoo,sulphur볏cockatoo새,sulphur볏cockatoo새입니다. 강한 부리와 사회적인 행동이 특징인 지능적인 새입니다.,Jean,draft,346_Sulphur_Crested_Cockatoo_VO_1.wav,1,"Sulphur Crested Cockatoo. While a flock of cockatoos is on the ground to feed, one bird often keeps guard from above.",75
347,Superb Lyrebird,superblyrebird새,superblyrebird새입니다. 서식지에 맞게 독특한 먹이 활동과 행동을 보여 주는 새입니다.,Jean,draft,347_Superb_Lyrebird_VO_1.wav,1,Superb Lyrebird. Male lyrebirds attract mates with their huge tails and an extraordinary ability for mimicry.,75
348,Tawny Frogmouth,tawny개구리입쏙독새,tawny개구리입쏙독새입니다. 서식지에 맞게 독특한 먹이 활동과 행동을 보여 주는 새입니다.,Jean,draft,348_Tawny_Frogmouth_VO_1.wav,1,Tawny Frogmouth. These nocturnal birds are masters of camouflage and are often mistaken for broken tree branches.,75
349,Tui,tui새,tui새입니다. 서식지에 맞게 독특한 먹이 활동과 행동을 보여 주는 새입니다.,Jean,draft,349_Tui_VO_1.wav,1,Tui. Maori were known to train these highly territorial birds to imitate human speech.,75
350,Wedge Tailed Eagle,wedgetailed수리,wedgetailed수리입니다. 날카로운 시야와 강한 날개로 하늘을 누비는 맹금류입니다.,Jean,draft,350_Wedge_Tailed_Eagle_VO_1.wav,1,"Wedgetailed Eagle. These eagles can take large prey including possums, kangaroos, and wallabies.",60
351,Welcome Swallow,welcome제비,welcome제비입니다. 하늘을 빠르게 날며 날아다니는 곤충을 잡아먹습니다.,Jean,draft,351_Welcome_Swallow_VO_1.wav,1,Welcome Swallow. This bird's name refers to it heralding spring in southern Australia.,75
352,White Bellied Sea Eagle,흰belliedsea수리,흰belliedsea수리입니다. 날카로운 시야와 강한 날개로 하늘을 누비는 맹금류입니다.,Jean,draft,352_White_Bellied_Sea_Eagle_VO_1.wav,1,"White Bellied Sea Eagle. These eagles are skilled fishers and hunters, but also harass smaller raptors and steal prey.",75
353,White Breasted Woodswallow,흰가슴woodswallow새,흰가슴woodswallow새입니다. 서식지에 맞게 독특한 먹이 활동과 행동을 보여 주는 새입니다.,Jean,draft,353_White_Breasted_Woodswallow_VO_1.wav,1,White Breasted Woodswallow. These wood swallows often perch in a tightly packed row when at rest.,75
354,White Faced Heron,흰faced왜가리,흰faced왜가리입니다. 습지와 얕은 물가에서 긴 다리와 부리를 활용해 먹이를 찾습니다.,Jean,draft,354_White_Faced_Heron_VO_1.wav,1,White Faced Heron. These widespread herons can sometimes be found raiding suburban fishponds.,75
355,Willie Wagtail,williewagtail새,williewagtail새입니다. 서식지에 맞게 독특한 먹이 활동과 행동을 보여 주는 새입니다.,Jean,draft,355_Willie_Wagtail_VO_1.wav,1,Willie Wagtail. This bird joins mixed species flocks and steals food from smaller birds.,75
356,Wrybill,wrybill새,wrybill새입니다. 서식지에 맞게 독특한 먹이 활동과 행동을 보여 주는 새입니다.,Jean,draft,356_Wrybill_VO_1.wav,1,Wrybill. The Wrybill's beak always curves to the right. The shape may aid it in foraging under rocks.,75
357,Crested Ibis,볏따오기,볏따오기입니다. 습지와 얕은 물가에서 긴 다리와 부리를 활용해 먹이를 찾습니다.,Jean,draft,357_Crested_Ibis_VO_1.wav,1,"Crested Ibis. There were only 10 wild Crested Ibises in the 1980s, but breeding programs are reintroducing them.",75
358,Spoon Billed Sandpiper,spoonbilled도요새,spoonbilled도요새입니다. 해안과 습지 가장자리에서 긴 부리로 작은 먹이를 찾아냅니다.,Jean,draft,358_Spoon_Billed_Sandpiper_VO_1.wav,1,"In 2020, there were thought to be fewer than 200 breeding pairs of this critically endangered bird.",60
359,White Headed Duck,흰머리오리,흰머리오리입니다. 물가에서 생활하며 헤엄과 잠수를 활용해 먹이를 찾습니다.,Jean,draft,359_White_Headed_Duck_VO_1.wav,1,Droughts and agriculture have dried up the lakes that were this endangered bird's breeding habitat.,60
360,Greater Adjutant,큰adjutant새,큰adjutant새입니다. 서식지에 맞게 독특한 먹이 활동과 행동을 보여 주는 새입니다.,Jean,draft,360_Greater_Adjutant_VO_1.wav,1,Greater Adjutant. Widespread wetland loss led this bird to go from being one of the most common storks to the rarest.,75
361,Indian Vulture,indian독수리,indian독수리입니다. 날카로운 시야와 강한 날개로 하늘을 누비는 맹금류입니다.,Jean,draft,361_Indian_Vulture_VO_1.wav,1,Indian Vulture. India banned use of diclofenac in cattle in 2008 after it caused the death of millions of vultures.,75
362,Great Indian Bustard,큰indianbustard새,큰indianbustard새입니다. 서식지에 맞게 독특한 먹이 활동과 행동을 보여 주는 새입니다.,Jean,draft,362_Great_Indian_Bustard_VO_1.wav,1,"Great Indian Bustard. This critically endangered bird can weigh as much as 18 kilograms, making it the heaviest flying bird.",75
363,Red Crowned Crane,붉은crowned두루미,붉은crowned두루미입니다. 습지와 얕은 물가에서 긴 다리와 부리를 활용해 먹이를 찾습니다.,Jean,draft,363_Red_Crowned_Crane_VO_1.wav,1,"This endangered crane is associated in different cultures with longevity, purity, and peace.",60
364,Large Billed Crow,largebilled까마귀,largebilled까마귀입니다. 영리하고 적응력이 뛰어나며 다양한 먹이를 활용하는 새입니다.,Jean,draft,364_Large_Billed_Crow_VO_1.wav,1,"Large Billed Crow. These gregarious crows will take advantage of almost any food source, living or dead.",75
365,Rook,rook새,rook새입니다. 서식지에 맞게 독특한 먹이 활동과 행동을 보여 주는 새입니다.,Jean,draft,365_Rook_VO_1.wav,1,Rook. The word rookery comes from these birds who nest in large colonies.,75
366,Brown Shrike,갈색때까치,갈색때까치입니다. 서식지에 맞게 독특한 먹이 활동과 행동을 보여 주는 새입니다.,Jean,draft,366_Brown_Shrike_VO_1.wav,1,Brown Shrike. The name lanius means butcher and was given because Shrike store their prey by hanging it.,75
367,Willow Tit,willowtit새,willowtit새입니다. 서식지에 맞게 독특한 먹이 활동과 행동을 보여 주는 새입니다.,Jean,draft,367_Willow_Tit_VO_1.wav,1,Willow Tit. These birds have been recorded storing up to 200 food items in a day.,75
368,House Crow,집까마귀,집까마귀입니다. 영리하고 적응력이 뛰어나며 다양한 먹이를 활용하는 새입니다.,Jean,draft,368_House_Crow_VO_1.wav,1,These food-catching birds can pass a test indicating they recognize themselves in a mirror.,60
369,Sri Lanka Blue Magpie,srilanka푸른까치,srilanka푸른까치입니다. 영리하고 적응력이 뛰어나며 다양한 먹이를 활용하는 새입니다.,Jean,draft,369_Sri_Lanka_Blue_Magpie_VO_1.wav,1,Sri Lanka Blue Magpie. This intelligent corvid rubs caterpillars on branches to remove their hairs before eating them.,75
370,Verditer Flycatcher,verditer딱새,verditer딱새입니다. 나뭇가지에서 기다리다가 날아오르는 곤충을 재빠르게 낚아챕니다.,Jean,draft,370_Verditer_Flycatcher_VO_1.wav,1,Verditer Flycatcher. The color Verditer is an intense blue made by adding chalk or whiting to a copper nitrate solution.,75
371,Himalayan Monal,himalayanmonal새,himalayanmonal새입니다. 서식지에 맞게 독특한 먹이 활동과 행동을 보여 주는 새입니다.,Jean,draft,371_Himalayan_Monal_VO_1.wav,1,"This is the national bird of Nepal and the state bird of Uttarakhand, India.",60
372,Graceful Prinia,gracefulprinia새,gracefulprinia새입니다. 서식지에 맞게 독특한 먹이 활동과 행동을 보여 주는 새입니다.,Jean,draft,372_Graceful_Prinia_VO_1.wav,1,"The Prinia's nest is an oval pouch woven out of grass, with a side entrance near the top.",60
373,Eurasian Treecreeper,유라시아treecreeper새,유라시아treecreeper새입니다. 서식지에 맞게 독특한 먹이 활동과 행동을 보여 주는 새입니다.,Jean,draft,373_Eurasian_Treecreeper_VO_1.wav,1,"Tree creepers forage by hopping up tree trunks, then fluttering down to the base of the next tree.",60
374,Oriental Magpie Robin,oriental까치로빈,oriental까치로빈입니다. 영리하고 적응력이 뛰어나며 다양한 먹이를 활용하는 새입니다.,Jean,draft,374_Oriental_Magpie_Robin_VO_1.wav,1,Oriental Magpie Robin. This songbird is the national bird of Bangladesh where it is widespread.,75
375,Coppersmith Barbet,coppersmithbarbet새,coppersmithbarbet새입니다. 서식지에 맞게 독특한 먹이 활동과 행동을 보여 주는 새입니다.,Jean,draft,375_Coppersmith_Barbet_VO_1.wav,1,This bird's call is a repetitive metallic tuck that sounds like a copper sheet being beaten.,60
376,Common Green Magpie,일반초록까치,일반초록까치입니다. 영리하고 적응력이 뛰어나며 다양한 먹이를 활용하는 새입니다.,Jean,draft,376_Common_Green_Magpie_VO_1.wav,1,"Common Green Magpie. Despite its Latin name, this bird is generally found in the Himalayas in Southeast Asia, not China.",75
377,Great Spotted Woodpecker,큰점박이딱따구리,큰점박이딱따구리입니다. 나무줄기를 타고 오르며 부리로 두드려 곤충이나 수액을 찾습니다.,Jean,draft,377_Great_Spotted_Woodpecker_VO_1.wav,1,"Woodpeckers can make up to 12,000 pecs per day at around 20 pecs per second.",60
378,Azure Tit,azuretit새,azuretit새입니다. 서식지에 맞게 독특한 먹이 활동과 행동을 보여 주는 새입니다.,Jean,draft,378_Azure_Tit_VO_1.wav,1,Azure Tit. This species will hybridize with the Eurasian blue tit where their ranges overlap.,75
379,Scaly Breasted Munia,scaly가슴munia새,scaly가슴munia새입니다. 서식지에 맞게 독특한 먹이 활동과 행동을 보여 주는 새입니다.,Jean,draft,379_Scaly_Breasted_Munia_VO_1.wav,1,Scaly Breasted Munia. These social finches gain time to forage by sharing the work of looking out for predators.,75
380,Gray Wagtail,회색wagtail새,회색wagtail새입니다. 서식지에 맞게 독특한 먹이 활동과 행동을 보여 주는 새입니다.,Jean,draft,380_Gray_Wagtail_VO_1.wav,1,Gray Wagtail. Wagtails constantly move their tails up and down as they forage in the rocky areas and rivers.,75
381,Olive Backed Sunbird,olivebackedsunbird새,olivebackedsunbird새입니다. 서식지에 맞게 독특한 먹이 활동과 행동을 보여 주는 새입니다.,Jean,draft,381_Olive_Backed_Sunbird_VO_1.wav,1,"Olive Backed Sunbird. Sunbirds feed largely on nectar, but they will also take insects, especially when feeding young.",75
382,White Browed Tit Warbler,흰browedtit워블러,흰browedtit워블러입니다. 작은 몸집과 뚜렷한 울음소리로 숲과 초원에서 존재감을 드러냅니다.,Jean,draft,382_White_Browed_Tit_Warbler_VO_1.wav,1,"These birds spend a lot of time in juniper thickets, making their colorful plumage hard to see.",60
383,Desert Wheatear,사막wheatear새,사막wheatear새입니다. 서식지에 맞게 독특한 먹이 활동과 행동을 보여 주는 새입니다.,Jean,draft,383_Desert_Wheatear_VO_1.wav,1,Desert Wheatear. The desert wheatears that breed in the arid areas of Central Asia over winter in northeast Africa.,75
384,Eurasian Hoopoe,유라시아hoopoe새,유라시아hoopoe새입니다. 서식지에 맞게 독특한 먹이 활동과 행동을 보여 주는 새입니다.,Jean,draft,384_Eurasian_Hoopoe_VO_1.wav,1,Hoopoes use their long bills to extract insect larvae from the ground or surface litter.,60
385,White Crested Laughingthrush,흰볏laughingthrush새,흰볏laughingthrush새입니다. 서식지에 맞게 독특한 먹이 활동과 행동을 보여 주는 새입니다.,Jean,draft,385_White_Crested_Laughingthrush_VO_1.wav,1,White Crested Laughingthrush. These social birds can make loud outbursts that sound something like laughter.,75
386,Grandala,grandala새,grandala새입니다. 서식지에 맞게 독특한 먹이 활동과 행동을 보여 주는 새입니다.,Jean,draft,386_Grandala_VO_1.wav,1,This bird breeds above the treeline in the Himalayas.,60
387,Eurasian Coot,유라시아물닭,유라시아물닭입니다. 습지와 얕은 물가에서 긴 다리와 부리를 활용해 먹이를 찾습니다.,Jean,draft,387_Eurasian_Coot_VO_1.wav,1,"Coots have lobed toes, not webbed feet, that help them swim through water and walk on mud.",60
388,Rosy Starling,rosy찌르레기,rosy찌르레기입니다. 작은 몸집과 뚜렷한 울음소리로 숲과 초원에서 존재감을 드러냅니다.,Jean,draft,388_Rosy_Starling_VO_1.wav,1,Farmers in China have reduced pesticide use by encouraging these birds to nest near their fields.,60
389,Baya Weaver,bayaweaver새,bayaweaver새입니다. 서식지에 맞게 독특한 먹이 활동과 행동을 보여 주는 새입니다.,Jean,draft,389_Baya_Weaver_VO_1.wav,1,Baya Weaver. These gregarious birds may weave up to 60 nests in a single tree.,75
390,Green Bee Eater,초록beeeater새,초록beeeater새입니다. 서식지에 맞게 독특한 먹이 활동과 행동을 보여 주는 새입니다.,Jean,draft,390_Green_Bee_Eater_VO_1.wav,1,These insectivores often roost in large groups.,60
391,Ibisbill,ibisbill새,ibisbill새입니다. 서식지에 맞게 독특한 먹이 활동과 행동을 보여 주는 새입니다.,Jean,draft,391_Ibisbill_VO_1.wav,1,"Ibisbill. The Ibisbill is most closely related to the oyster catchers, avocets and stilts, not Ibises.",75
392,Indian Peafowl,indianpeafowl새,indianpeafowl새입니다. 서식지에 맞게 독특한 먹이 활동과 행동을 보여 주는 새입니다.,Jean,draft,392_Indian_Peafowl_VO_1.wav,1,Indian Peafowl. This bird was designated the National Bird of India in 1963.,75
393,Common Sandpiper,일반도요새,일반도요새입니다. 해안과 습지 가장자리에서 긴 부리로 작은 먹이를 찾아냅니다.,Jean,draft,393_Common_Sandpiper_VO_1.wav,1,"Common Sandpiper. Common Sandpipers often forage alone, but can be found roosting in large groups.",75
394,Sarus Crane,sarus두루미,sarus두루미입니다. 습지와 얕은 물가에서 긴 다리와 부리를 활용해 먹이를 찾습니다.,Jean,draft,394_Sarus_Crane_VO_1.wav,1,These wetland birds have adapted to human settings like irrigation ditches and rice fields.,60
395,Little Grebe,논병아리,논병아리입니다. 서식지에 맞게 독특한 먹이 활동과 행동을 보여 주는 새입니다.,Jean,draft,395_Little_Grebe_VO_1.wav,1,"Little Grebe. Grebes are quick divers. Their scientific name comes from takas, fast, and bopto to sink.",75
396,Plumbeous Redstart,plumbeous딱새,plumbeous딱새입니다. 서식지에 맞게 독특한 먹이 활동과 행동을 보여 주는 새입니다.,Jean,draft,396_Plumbeous_Redstart_VO_1.wav,1,This bird's Plumbeous Gray color is good camouflage for the rocky stream beds where it forages.,60
397,Little Egret,쇠백로,쇠백로입니다. 습지와 얕은 물가에서 긴 다리와 부리를 활용해 먹이를 찾습니다.,Jean,draft,397_Little_Egret_VO_1.wav,1,"Little Egret. This egret spread its range in the 20th century, including establishing a population in Barbados.",75
398,Twite,트와이트새,트와이트새입니다. 서식지에 맞게 독특한 먹이 활동과 행동을 보여 주는 새입니다.,Jean,draft,398_Twite_VO_1.wav,1,"Outside of breeding season, Twites will gather in large numbers, often with other finches.",75
399,Brambling,되새,되새입니다. 서식지에 맞게 독특한 먹이 활동과 행동을 보여 주는 새입니다.,Jean,draft,399_Brambling_VO_1.wav,1,Brambling. Bramblings form large flocks in the winter when they especially like the seeds of beech trees.,75
400,Smew,흰비오리,흰비오리입니다. 서식지에 맞게 독특한 먹이 활동과 행동을 보여 주는 새입니다.,Jean,draft,400_Smew_VO_1.wav,1,Smew. This small duck breeds in freshwater lakes in the subarctic taiga.,75
401,Ruddy Shelduck,붉은빛혹부리오리,붉은빛혹부리오리입니다. 서식지에 맞게 독특한 먹이 활동과 행동을 보여 주는 새입니다.,Jean,draft,401_Ruddy_Shelduck_VO_1.wav,1,Ruddy Shelduck. Some say the Buddha used the way these ducks call for their mates as a symbol of attachment.,75
402,Mandarin Duck,원앙,원앙입니다. 물가에서 생활하며 헤엄과 잠수를 활용해 먹이를 찾습니다.,Jean,draft,402_Mandarin_Duck_VO_1.wav,1,Mandarin Duck. A Chinese saying describes loving couples as two Mandarin ducks playing in water.,75
403,Common Teal,쇠오리,쇠오리입니다. 물가에서 생활하며 헤엄과 잠수를 활용해 먹이를 찾습니다.,Jean,draft,403_Common_Teal_VO_1.wav,1,Common Teal. This small migratory duck has a range that covers much of the northern hemisphere.,75
404,Yellow Bittern,노란해오라기,노란해오라기입니다. 습지와 얕은 물가에서 긴 다리와 부리를 활용해 먹이를 찾습니다.,Jean,draft,404_Yellow_Bittern_VO_1.wav,1,Yellow Bittern. Bittern's long thin stripes are camouflaged for living among reeds.,75
405,Blue Rock Thrush,푸른바위지빠귀,푸른바위지빠귀입니다. 작은 몸집과 뚜렷한 울음소리로 숲과 초원에서 존재감을 드러냅니다.,Jean,draft,405_Blue_Rock_Thrush_VO_1.wav,1,"Blue rock thrush. This bird was initially considered a thrush, but is actually more closely related to flycatchers.",75
406,Spotted Dove,점박이비둘기,점박이비둘기입니다. 부드러운 울음소리와 씨앗을 먹는 습성이 잘 알려진 새입니다.,Jean,draft,406_Spotted_Dove_VO_1.wav,1,This bird is native to Southern Asia but has been introduced in North America and Oceania.,60
407,Red Avadavat,붉은아바다바트,붉은아바다바트입니다. 서식지에 맞게 독특한 먹이 활동과 행동을 보여 주는 새입니다.,Jean,draft,407_Red_Avadavat_VO_1.wav,1,"Red Avadavat. In courtship display, male Avadavats holds a feather or stem in their bill and slowly bow.",75
408,Satyr Tragopan,satyr비단꿩,satyr비단꿩입니다. 서식지에 맞게 독특한 먹이 활동과 행동을 보여 주는 새입니다.,Jean,draft,408_Satyr_Tragopan_VO_1.wav,1,"During display, males of this species inflate their colorful lappets and display blue horns.",60
409,Black Drongo,검은바람까마귀,검은바람까마귀입니다. 서식지에 맞게 독특한 먹이 활동과 행동을 보여 주는 새입니다.,Jean,draft,409_Black_Drongo_VO_1.wav,1,"These birds are aggressive toward others in their territory, dive bombing even much larger birds.",60
410,Red Wattled Lapwing,붉은wattled댕기물떼새,붉은wattled댕기물떼새입니다. 서식지에 맞게 독특한 먹이 활동과 행동을 보여 주는 새입니다.,Jean,draft,410_Red_Wattled_Lapwing_VO_1.wav,1,"Red Wattled Lapwing. Lapwings aggressively defend their nests, diving at potential predators while calling loudly.",75
411,Violet Cuckoo,보라뻐꾸기,보라뻐꾸기입니다. 서식지에 맞게 독특한 먹이 활동과 행동을 보여 주는 새입니다.,Jean,draft,411_Violet_Cuckoo_VO_1.wav,1,Violet Cuckoo. This cuckoo often lays its eggs in the nest of small sunbirds and spider hunters.,75
412,Asian Koel,검은뻐꾸기,검은뻐꾸기입니다. 서식지에 맞게 독특한 먹이 활동과 행동을 보여 주는 새입니다.,Jean,draft,412_Asian_Koel_VO_1.wav,1,Asian Koel. Male Koels may distract a bird from its nest so their partner can lay eggs there.,75
413,Green Pheasant,꿩,꿩입니다. 주로 땅 위에서 생활하며 풀숲과 덤불 사이를 빠르게 오갑니다.,Jean,draft,413_Green_Pheasant_VO_1.wav,1,Green Pheasant. This bird was designated the National Bird of Japan in 1947.,75
414,Purple Heron,붉은왜가리,붉은왜가리입니다. 습지와 얕은 물가에서 긴 다리와 부리를 활용해 먹이를 찾습니다.,Jean,draft,414_Rock_Pigeon_VO_1.wav,1,These birds were domesticated before 3000 BCE as message carriers and for food.,60
415,Golden Pheasant,황금꿩,황금꿩입니다. 주로 땅 위에서 생활하며 풀숲과 덤불 사이를 빠르게 오갑니다.,Jean,draft,415_Golden_Pheasant_VO_1.wav,1,Golden Pheasant. The mythological phoenix is sometimes depicted as a Golden Pheasant.,75
416,Zebra Dove,얼룩말비둘기,얼룩말비둘기입니다. 부드러운 울음소리와 씨앗을 먹는 습성이 잘 알려진 새입니다.,Jean,draft,416_Zebra_Dove_VO_1.wav,1,Zebra dove. This bird is well camouflaged for feeding on open ground.,75
417,Red Junglefowl,적색야계,적색야계입니다. 주로 땅 위에서 생활하며 풀숲과 덤불 사이를 빠르게 오갑니다.,Jean,draft,417_Red_Junglefowl_VO_1.wav,1,"Red Junglefowl. Chickens were domesticated from the species of junglefowl about 8,000 years ago.",75
418,Little Ringed Plover,작은고리물떼새,작은고리물떼새입니다. 해안과 습지 가장자리에서 긴 부리로 작은 먹이를 찾아냅니다.,Jean,draft,418_Little_Ringed_Plover_VO_1.wav,1,"When they nest in hot open areas, these birds soak their feathers in water to cool off their chicks.",60
419,Crested Lark,볏종다리,볏종다리입니다. 작은 몸집과 뚜렷한 울음소리로 숲과 초원에서 존재감을 드러냅니다.,Jean,draft,419_Crested_Lark_VO_1.wav,1,Crested Lark. This lark raises its crest when it sings in territorial disputes and in courtship displays.,75
420,Bearded Reedling,수염reedling새,수염reedling새입니다. 서식지에 맞게 독특한 먹이 활동과 행동을 보여 주는 새입니다.,Jean,draft,420_Bearded_Reedling_VO_1.wav,1,Bearded Reedling. These birds have up to four brood per year and sometimes breed the same year they were born.,75
421,Red Vented Bulbul,붉은vented직박구리,붉은vented직박구리입니다. 서식지에 맞게 독특한 먹이 활동과 행동을 보여 주는 새입니다.,Jean,draft,421_Red_Vented_Bulbul_VO_1.wav,1,This bird lays pink eggs with maroon spots.,40
422,Common Iora,일반아이오라,일반아이오라입니다. 서식지에 맞게 독특한 먹이 활동과 행동을 보여 주는 새입니다.,Jean,draft,422_Common_Iora_VO_1.wav,1,Common Iora. Male Ioras display by fluffing up their feathers and parachuting through the air like a ball.,75
423,Black Stork,먹황새,먹황새입니다. 습지와 얕은 물가에서 긴 다리와 부리를 활용해 먹이를 찾습니다.,Jean,draft,423_Black_Stork_VO_1.wav,1,This shy species builds its large nests primarily in old-growth forests with very large trees.,60
424,Fire Fronted Serin,불꽃fronted방울새,불꽃fronted방울새입니다. 서식지에 맞게 독특한 먹이 활동과 행동을 보여 주는 새입니다.,Jean,draft,424_Fire_Fronted_Serin_VO_1.wav,1,"In courtship, the males of this species raise up the red feathers on their head to show them off.",60
425,Desert Finch,사막되새,사막되새입니다. 작은 몸집과 뚜렷한 울음소리로 숲과 초원에서 존재감을 드러냅니다.,Jean,draft,425_Desert_Finch_VO_1.wav,1,Desert Finch. These finches are not restricted to deserts. They also frequent towns and agricultural areas.,75
426,Asian Emerald Dove,아시아emerald비둘기,아시아emerald비둘기입니다. 부드러운 울음소리와 씨앗을 먹는 습성이 잘 알려진 새입니다.,Jean,draft,426_Asian_Emerald_Dove_VO_1.wav,1,Asian Emerald Dove. This is the state bird of the Indian state of Tamil Nadu.,75
427,Common Tailorbird,일반재봉새,일반재봉새입니다. 서식지에 맞게 독특한 먹이 활동과 행동을 보여 주는 새입니다.,Jean,draft,427_Common_Tailorbird_VO_1.wav,1,"Common Tailorbird. To support and camouflage their nests, Tailorbirds stitch leaves together with plant fibers.",75
428,Great Hornbill,큰코뿔새,큰코뿔새입니다. 서식지에 맞게 독특한 먹이 활동과 행동을 보여 주는 새입니다.,Jean,draft,428_Great_Hornbill_VO_1.wav,1,Great Hornbill. These birds gather at fruiting trees and can roost in flocks of up to 200 outside breeding season.,75
429,Rose Ringed Parakeet,목도리앵무,목도리앵무입니다. 강한 부리와 사회적인 행동이 특징인 지능적인 새입니다.,Jean,draft,429_Rose_Ringed_Parakeet_VO_1.wav,1,These birds have the ability to mimic human speech and are popular pets.,60
430,Common Myna,구관조,구관조입니다. 서식지에 맞게 독특한 먹이 활동과 행동을 보여 주는 새입니다.,Jean,draft,430_Common_Myna_VO_1.wav,1,Common Myna. Mynas are skilled mimics and can imitate human speech.,75
431,Black Naped Oriole,검은naped꾀꼬리,검은naped꾀꼬리입니다. 작은 몸집과 뚜렷한 울음소리로 숲과 초원에서 존재감을 드러냅니다.,Jean,draft,431_Black_Naped_Oriole_VO_1.wav,1,"Black Naped Oriole. Due to geographic variation, the Black Naped Oriole has over a dozen subspecies.",75
432,Small Minivet,작은할미새사촌,작은할미새사촌입니다. 서식지에 맞게 독특한 먹이 활동과 행동을 보여 주는 새입니다.,Jean,draft,432_Small_Minivet_VO_1.wav,1,Small minivets often join mixed species flocks in the forest canopy where they forage for insects.,75
433,Trumpeter Finch,trumpeter되새,trumpeter되새입니다. 작은 몸집과 뚜렷한 울음소리로 숲과 초원에서 존재감을 드러냅니다.,Jean,draft,433_Trumpeter_Finch_VO_1.wav,1,Trumpeter Finch. This bird's call is said to sound like a toy trumpet.,75
434,Oriental Bay Owl,밤색가면올빼미,"밤색가면올빼미입니다. 밤에 활동하는 맹금류로, 조용히 날아 먹이를 찾는 습성이 두드러집니다.",Jean,draft,434_Oriental_Bay_Owl_VO_1.wav,1,Oriental Bay Owl. The feathers on an owl's face collect sound waves and direct them toward the owl's ears.,75
435,Eurasian Eagle Owl,수리부엉이,"수리부엉이입니다. 밤에 활동하는 맹금류로, 조용히 날아 먹이를 찾는 습성이 두드러집니다.",Jean,draft,435_Eurasian_Eagle_Owl_VO_1.wav,1,"These owls prey on rodents, rabbits, and pigeons, and have been seen taking even larger animals.",60
436,Eurasian Marsh Harrier,유라시아marsh개구리매,유라시아marsh개구리매입니다. 날카로운 시야와 강한 날개로 하늘을 누비는 맹금류입니다.,Jean,draft,436_Eurasian_Marsh_Harrier_VO_1.wav,1,"Harriers perform sky dances in which they show off for mates by swooping, tumbling, and diving.",60
437,White Throated Kingfisher,흰목물총새,흰목물총새입니다. 물가에서 기다리다가 빠르게 뛰어들어 물고기를 잡는 새입니다.,Jean,draft,437_White_Throated_Kingfisher_VO_1.wav,1,"White Throated Kingfisher. This species hunts not only fish, but also invertebrates, snakes and other small animals.",75
438,Purple Heron,붉은왜가리,붉은왜가리입니다. 습지와 얕은 물가에서 긴 다리와 부리를 활용해 먹이를 찾습니다.,Jean,draft,438_Purple_Heron_VO_1.wav,1,"Purple Heron. This patient predator is most active at dawn and dusk, waiting motionless before stabbing its prey.",75
439,Forest Owlet,숲올빼미,숲올빼미입니다. 서식지에 맞게 독특한 먹이 활동과 행동을 보여 주는 새입니다.,Jean,draft,439_Forest_Owlet_VO_1.wav,1,"In 1997, a team saw this species in India 113 years after the last reported sighting.",60
440,Brahminy Kite,흰머리솔개,흰머리솔개입니다. 날카로운 시야와 강한 날개로 하늘을 누비는 맹금류입니다.,Jean,draft,440_Brahminy_Kite_VO_1.wav,1,"Brahminy Kite. This bird is revered as the representation of Garuda, carrier of the god Vishnu.",75
441,Philippine Eagle,필리핀수리,필리핀수리입니다. 날카로운 시야와 강한 날개로 하늘을 누비는 맹금류입니다.,Jean,draft,441_Philippine_Eagle_VO_1.wav,1,"Philippine Eagle. Once the monkey eating eagle, this endangered raptor is more likely to eat flying lemurs and civets.",75
442,Sri Lanka Frogmouth,srilanka개구리입쏙독새,srilanka개구리입쏙독새입니다. 서식지에 맞게 독특한 먹이 활동과 행동을 보여 주는 새입니다.,Jean,draft,442_Sri_Lanka_Frogmouth_VO_1.wav,1,"Sri Lanka Frogmouth. Like owls, frogmouths hunt at night, but they catch prey with their beaks, not their feet.",75
443,Rhinoceros Auklet,rhinoceros바다오리,rhinoceros바다오리입니다. 바다와 호수 주변에서 생활하며 물고기와 작은 수생 동물을 노립니다.,Jean,draft,443_Rhinoceros_Auklet_VO_1.wav,1,"For breeding season, these flock hunting birds grow a horn-like structure above their beaks.",60
444,Eurasian Kestrel,유라시아황조롱이,유라시아황조롱이입니다. 서식지에 맞게 독특한 먹이 활동과 행동을 보여 주는 새입니다.,Jean,draft,444_Eurasian_Kestrel_VO_1.wav,1,"While looking for mice and similar prey, Kestrels hover by flying into the wind or by using ridge lift.",60
445,Great Cormorant,큰가마우지,큰가마우지입니다. 바다와 호수 주변에서 생활하며 물고기와 작은 수생 동물을 노립니다.,Jean,draft,445_Great_Cormorant_VO_1.wav,1,"Great Cormorant. People in China and Japan have used cormorants to fish for over 2,000 years.",75
446,Stork Billed Kingfisher,황새부리물총새,황새부리물총새입니다. 습지와 얕은 물가에서 긴 다리와 부리를 활용해 먹이를 찾습니다.,Jean,draft,446_Stork_Billed_Kingfisher_VO_1.wav,1,"Stork Billed Kingfisher. Kingfishers use their strong bills to dig burrows in riverbanks, dead trees, or termite nests.",75
